speed,emergencyBraking,waitingTime,collisions
14.281342947281308,0.1,28.66188759714587,9.722913413592096
15.511396444007033,0.1,0.1,4.4536499676475305
14.299858998142518,0.1,10.667033920743485,12.254879899268825
15.09061958693696,0.1,11.037094275495095,0.1
15.929311129901858,0.1,0.1,13.82347643384978
12.334128138903035,0.1,15.051769771004263,0.1
15.541688215188456,48.758312995729895,3.518802388527769,3.8856899402884384
14.483233300544672,0.1,7.25829618672481,18.044077485049627
18.115355139956954,114.41632551238945,1.790334215938909,22.147379462408775
13.795092892888189,359.75518864275375,0.1,8.429753954521152
15.946331081267076,0.1,2.0571605851154287,15.751495769235854
16.279205680727923,77.46448779447275,0.1,12.853561739975955
11.070221732221679,0.1,0.1,16.707171583537736
10.868728787535233,0.1,6.990527105161829,26.706607880323386
12.589655802037734,0.1,0.1,12.634685891593316
16.21717958698641,167.80951511992652,13.876344501305176,20.93631197731739
16.25153078303679,13.69178870119947,2.748588751415288,11.417431152144047
12.165847110945522,258.9167973702491,5.134892968163454,14.50671194742796
12.897965004878133,95.71425045655224,16.18632550413917,8.35343764956734
11.836542665211958,9.717508796381082,2.457776244616805,10.242756311856697
9.72074265624249,0.1,16.403661665549834,18.784868818199
11.263108962298363,302.58669833139834,16.51927821172942,14.194162398628897
15.505581997606852,57.722669119219404,3.672092708356602,14.96519813847123
15.52163672059954,0.1,15.169218561117347,4.017011418271338
8.771934708681389,0.1,0.1,0.2972503405867819
10.536850449245359,45.369384346228074,17.350594100623226,15.529575217568414
15.56101414892232,0.1,0.1,21.382592613043286
12.227600370823305,0.1,0.1,3.7430330272340235
11.972153613261245,0.1,6.603394691363638,9.255442775451172
11.820303616611115,0.1,4.519560842945868,22.833327233252916
15.577402592078455,0.1,0.1,2.9963603913433623
15.38120585493012,0.1,0.1,5.1461281226291415
15.53523883599725,0.1,0.1,6.9321765681427365
16.583572463790798,0.1,0.1,28.271374181832662
16.779506307900782,0.1,0.1,0.9728979046901536
12.668912563961374,0.1,0.1,21.93159430960765
12.849624803236956,0.1,7.6121258176676045,16.20551768117005
12.678164395394676,0.1,24.513192803074723,0.1
11.826718538354706,21.846430418932897,16.81939010404897,17.72261147076544
14.232310862312081,0.1,29.193560315425763,5.699848837346382
12.37548250618167,66.34061684068025,10.393309604364694,4.824335760021086
15.076801261556682,1.9848218280938283,2.160188045331065,6.911532903072713
13.717224637928547,0.1,19.20263062113942,0.1
15.112192022843995,0.1,0.1,15.784992630452168
7.976788540331428,0.1,14.167927053081652,30.06640227965456
15.421879643462498,0.1,6.195774550347314,5.2526248279519585
14.517641808738547,0.1,18.345144293987058,0.1
10.256654058690797,0.1,0.1,15.410971159723896
11.119950308011449,0.1,9.796517662009375,8.756428122751412
19.088520355043382,6.493030144382601,17.690385112725146,9.23620265922944
14.201894671237564,0.1,18.652420969659573,5.358390177361946
13.219237476402984,0.1,21.494211670012994,21.395320660093986
13.224431920669662,208.99120287372165,26.98990883242218,5.892787929609854
16.047532755627316,0.1,0.1,6.965973541246784
16.204333715038473,0.1,12.58590755402563,7.824342790800813
9.140632326076645,158.62837214250902,16.595016649461314,15.626923625955069
13.449241128226177,0.1,0.8852881963459618,2.915628967327944
12.811759000087392,251.42328301070972,21.46634774884567,35.104296619626226
16.87698000103717,0.1,10.388973234613582,0.1
11.246555460299346,0.1,11.456066147567382,0.1
12.586787307716534,0.1,0.1,5.674519650404955
13.692061287572306,0.1,21.973107553102604,17.500716252844207
14.858625929935423,0.1,0.1,13.795142103803471
16.14139586148978,0.1,0.1,18.256131492038477
19.4495241774641,0.1,17.089204042264505,11.384904758280236
15.92406773557832,93.38787398235658,0.1,9.174687346230275
15.899287008239135,22.65635437382022,11.868807844451805,5.572624423082548
14.17581630187787,0.1,0.1,0.1
14.941687356137137,0.1,14.59320322892282,0.1
14.517331148790705,30.505230337543466,0.1,14.060058300991756
13.18583138158976,0.1,11.713526414954814,0.1
15.434960704306297,81.46611548502152,0.1,15.638638941670816
10.000624002011172,2.165881282435265,6.250640163393705,0.1
13.63520457013102,0.1,3.0155251359933857,5.315522275493066
16.186429591425206,0.1,0.1,21.95125681483612
14.34401245026089,281.072986148838,0.9441034608089627,30.202914375110794
13.90761522299345,0.1,0.1,0.1
12.541352268662349,0.1,17.00790787221402,1.4669687115968948
17.544072701270572,0.1,0.1,1.2840717934877688
12.495337938180644,0.1,11.83651601145052,12.326429784916224
12.801086910124958,191.00210178345841,19.503194743458838,28.70285387882778
11.857205628581612,0.1,0.1,16.448731146167077
14.025687447010352,0.1,1.576543009384694,4.623439318146238
18.593632853385834,0.1,6.691227072600315,12.854128927368453
16.06995912472436,306.6995266355019,0.1,14.204843682006473
16.56764800243764,0.1,11.632837630013086,1.9249717961316932
12.038229257307318,0.1,9.905781755896408,13.19359681362976
16.745153231611834,0.1,0.1,8.668811201331447
13.85403912886315,36.84685734259509,8.186283672484187,15.586840771765694
11.472397207838405,0.1,21.379466643419136,9.574631237519979
15.79212511470255,0.1,5.41904069291045,5.628288587584393
15.126956498213666,0.1,7.426516772116651,15.02667646676624
14.756353001334036,0.1,0.1,7.999022100931407
15.578097581706007,33.04427635487424,7.5936189101385905,17.25764948231255
12.887796029306466,0.1,20.555068363218986,1.5804188216841517
14.100520037578436,0.1,10.472319468173248,0.1
15.98505782182795,63.655476449052784,13.05090514867215,17.80273655586438
12.130177059055242,0.1,9.543554748620537,3.332125944788743
16.656355789767296,69.84153796986428,10.891203349123762,8.60174462492791
14.581872740600588,0.1,2.8932611977633433,14.309709901663858
8.339964588306186,0.1,4.1962357461719035,25.700916270551307
14.443111255824201,17.202901503374562,6.566829964954249,15.746938575743691
16.177658839425668,42.04325198676749,18.566575986561304,0.1
13.115918631539076,0.1,20.742564798706,0.1
16.497167542354752,0.1,0.1,18.100252877117033
17.877599195126347,0.1,9.804444055196488,21.738677678085153
10.218607629828043,24.463820031300628,0.1,25.307110169522343
13.045690071422607,0.1,0.1,5.427458986294402
14.170752821320226,0.1,21.76968216772748,13.808635774535599
15.16885597248489,0.1,25.22618218426809,2.895329834199252
20.155188513339272,80.34182561387975,11.95838898511961,21.333795459237226
14.011443232347546,0.1,3.0815399587638392,1.1483812812760483
16.062403705837283,0.1,2.490488184215451,0.1
16.662921395595692,0.1,0.1,0.1
11.283255148219705,0.1,21.10058576134522,7.076448051062689
12.461421695334616,0.1,4.12994401321134,18.989689293756925
13.141182006232457,0.1,4.6707340859939475,0.9831346222445134
12.698065816351656,0.1,11.040560068035653,1.6047675322266883
14.941282028387352,0.1,26.26724319765541,5.624405798118877
7.158536886748693,0.1,27.792911692191204,8.971643258964008
14.743634874419232,0.1,28.36987680906134,14.642202560084606
14.513283003045837,0.1,4.995855708000569,16.166729239071902
13.972116570553894,0.1,0.1,21.375677569811046
15.680086568246688,0.1,7.788467650632122,7.5142434328417895
14.094176683582848,91.98499942187809,1.3250038566239768,9.680496280332092
13.95435603082825,0.1,11.504585661667592,0.9472071526329131
17.08428825644177,0.1,0.1,3.8260901353918193
14.018816834205131,0.1,0.1,18.03490344713605
17.87600993469584,13.319014962999148,1.7517937232754992,17.22118309992236
16.76122194411912,3.022178632151281,0.1,10.43211621405964
12.72662398879647,10.164535312223876,0.1,15.708418101268787
8.206877109648012,34.320529327551625,19.827565945086178,6.902050337142315
14.264737579536002,0.1,8.000671906126904,12.982597243776915
16.496156171032734,0.1,1.340833564532116,22.355820381888922
14.830508774360101,0.1,0.1,26.375786746719797
13.490890159998298,0.1,14.211293831589021,14.934048001085763
11.586546614248835,45.65310838699388,20.412865692057807,0.1
16.790555827312975,0.1,4.295750006639967,3.650481021698523
14.862486187270859,0.1,0.1,0.1
12.855729286437136,0.1,12.77318467547002,10.48445739861151
12.585679389233373,0.1,0.1,30.59040161774462
12.939698031844454,184.2581986414023,20.45594588973483,18.195393804356453
12.133480735238024,86.70296332028352,0.1,18.892408168727098
14.206716420056068,0.1,18.946604535245562,7.378779772116596
12.124635638449261,0.1,2.9789416639949406,20.58291615086148
16.27018998961193,0.1,0.1,7.015431057232448
15.8150103843572,90.51315424815256,18.099874554387803,23.06587361018405
15.327339623317515,0.1,0.1,7.304171786405165
16.07285892220741,0.1,13.239886636570096,6.058198387969339
10.089740822362984,0.1,1.066414412983657,5.29619449937857
13.565768464381971,2.489467942253924,6.080361445303085,2.9970521133302093
10.628927688983042,0.1,9.16540588635254,25.49866870094197
17.941909133358973,184.68661508956896,7.415297276363496,12.724381398429324
17.80969491677719,72.18418253197464,8.912999387531757,21.78460371196271
11.13564841484347,162.57878996055177,23.490199341099846,2.290883885924007
17.95797060401761,0.1,1.0945768939053613,9.503111794383805
14.013769021827537,0.1,0.1,16.52985406814611
13.422408157025385,0.1,0.1,23.078241379552654
10.96706334196535,0.1,17.128663273450723,29.805739392910347
20.024010763085005,115.49198066931555,24.535575457232646,1.2478361430716731
14.812143366398653,311.77764304622326,4.507625891775754,14.246873258154253
14.255752501432015,0.1,17.58317790457832,1.1528552675018986
15.499272519396163,0.1,2.2800978240315297,9.939113714792388
18.021256560816212,0.1,6.412466709186051,11.767876038236494
13.574326263171365,7.485674567331017,0.7323485271998829,0.1
14.18244845951105,71.24977705540532,0.1,22.263811758647623
12.999887686000912,0.1,15.272545158579597,10.856438009945077
13.513859860804127,0.1,0.1,10.235399019647206
13.954061764296663,0.1,22.415165630609437,14.466830363377078
17.530834290790576,0.1,0.1,0.1
14.164380043377072,59.732499813839695,29.476149749376994,10.649616764179688
13.567133456545871,0.1,0.1,19.163284909386533
10.469644784720241,0.15620668843303065,0.1,22.970600697189205
12.022959976319088,0.1,22.07122404001837,14.402962028395825
10.779495663136986,0.1,29.679510618604745,8.73263362732031
10.858138170045356,0.1,23.39081785298709,19.136836993222325
12.652474582298483,0.1,0.1,14.718434775800517
11.972382050833874,0.1,0.1,0.1
13.150902909029288,0.1,6.140925309148435,13.926687155643018
14.542227022869698,5.426089634937512,15.003972870814327,7.081316094143201
15.885395166897169,0.1,2.199056622825311,15.768618615365835
13.01895165964773,82.11604270638178,7.627433193876687,11.79964731805778
13.89389910056607,0.1,7.333298496558718,13.053226997022232
14.47854226883656,0.1,16.607428418341186,23.933329134449853
13.930113104978767,0.1,0.1,1.2895325334878684
13.783485913773713,270.6552910190661,0.1,22.457720805883927
9.932041520348411,0.1,10.85016173732904,21.786795554520218
15.799857770059225,147.27925458154928,15.884268547453718,11.619343071720245
15.53273044825277,0.1,0.1,5.937601113277195
13.111937227520402,0.1,7.23805409805322,8.703322990387175
15.293088817849027,154.06388003864836,0.1,14.53317534096551
13.827960805053003,293.5858192383463,0.1,19.509057703322554
15.544914041422494,0.1,9.794033780519111,15.960081844706238
12.167793986697243,0.1,26.30897696876037,10.846780145195902
13.409404219149184,0.1,0.1,10.468024984135221
11.148523831237268,125.76446251704581,0.1,10.053530456200917
11.667341152417466,147.21217295898822,3.4890751250326026,17.66728633165026
15.871748641943505,0.1,0.1,0.1
11.473776640272293,0.1,20.82592952160624,13.82444319738864
14.160781209166235,114.02640630389844,0.1,13.859457961982379
9.714453302088355,0.1,9.048349046802437,5.480472835199311
13.750552706673396,0.1,9.430763630683982,9.955227915286525
14.708274556788822,0.1,25.30559218503167,24.372277862124005
12.256347804572801,0.1,11.968866912231642,0.1
9.091145281822596,0.1,25.70493229098423,14.772089801842135
11.344216613137215,0.1,15.19346298559752,19.288434817048476
15.025079052052831,0.1,4.941509644395872,16.81003212447275
13.561805418500173,0.1,0.1,33.156885699706336
12.265449864438766,0.1,15.06787921409341,6.694268559704097
11.972707156507942,154.7349690430544,16.679112357789272,25.324139558399796
10.409639438251537,0.1,32.65783452258344,4.415864606793765
16.06607136906664,0.1,0.1,10.311904913446376
11.816113264096339,0.1,0.1,3.2801919905489605
13.961384280266364,0.1,22.311176346177948,0.9148183312367877
10.086130832600318,0.1,0.1,19.26813566823471
10.760523998655165,0.1,15.248930932890815,0.1
11.167097570048364,0.1,9.759389546466021,0.5022003090323288
12.507390003645012,0.1,3.161758990051256,11.392073487813189
11.314358707103592,0.1,0.1,3.1413186013603607
13.495511152160168,0.1,31.297582005178597,10.299001779217733
12.486326797968493,0.1,19.92499002094918,4.206253316707082
14.44350897718181,0.1,0.1,17.959896172818656
12.190599279897347,75.28325071003134,7.886230623773938,22.37896304636846
12.781906787659775,0.1,39.822758385994675,15.994563626987313
12.706154816733191,0.1,0.1,6.2333337442717
14.210249077119562,0.1,1.5820248394367802,3.2939101115211677
10.393013719943863,0.1,45.1882196030579,15.720760819708431
12.569577957644112,0.1,1.8281566383801877,16.94335742601804
11.728734042006126,17.523868507003556,7.078099833765024,16.161774334141814
15.05624348415896,0.1,11.866431118082499,15.266226558527993
14.810704787545395,0.1,0.1,7.144056076718877
18.0481683751198,234.13845787492573,0.1,11.552162304905874
15.757451566202125,44.931223272640125,9.353263129188324,18.80275290270191
11.270895336738263,0.1,5.268808376992773,17.67580171808707
14.200189450179641,0.1,0.1,19.740929209097143
14.060820093619455,68.11415807154981,18.8726830081712,20.379184987751284
12.26847434621736,0.1,28.90069926020714,0.9384161432359477
14.36792898765298,0.1,8.221221044833207,2.7858293294105465
15.276561048717095,0.1,21.120796975990118,0.1
14.184233771895249,0.1,8.392327792184052,0.1
13.938125045303126,0.1,14.943645051720608,0.1
14.506093027985026,25.00240062379416,0.8596961331958557,17.175902889011994
9.0409303261091,0.1,11.030970085415523,0.1
12.275129768719676,0.1,1.89413700742044,14.66915472900604
10.618048977021033,0.1,20.51405534672041,28.288871721839982
9.723703193405044,0.1,18.11342364239696,10.331589723305317
14.396303514668078,308.73302741461686,0.1,22.40480246795219
18.849663637373695,135.89194010405387,0.1,31.432245691046795
17.7808858803212,0.1,0.1,9.075976239053105
15.552411865059993,0.1,23.64145822257231,17.86755255692487
9.811164825648188,249.65511272812415,16.1936493949721,21.082421841720024
14.552032515995986,0.1,14.17423990470272,0.10886433949838192
13.441997561294297,0.1,4.836608002269955,11.716256397980889
16.96427053004767,0.1,4.352129153568418,2.9106796056442583
13.725327589933498,0.1,8.915514239969724,11.46927171121391
11.049259433975399,143.80786074197417,0.1,27.795789981633728
14.26911588528665,0.1,0.1,17.50111656960611
12.880325914954659,0.1,4.295249651114898,18.369364030600718
10.40855176528324,0.1,26.517789819506234,26.164664523754887
11.838958749360806,0.1,0.1,2.673703862795616
12.618891307970443,185.3099174617558,0.1,13.819505373296812
12.910775215641529,0.1,0.1,10.983777503290083
16.136542344818306,0.1,0.1,28.461016317676137
14.258850177885318,66.85176959309655,29.678851415239436,28.82808981909082
12.96922691246924,105.20014812126365,18.82068415516553,18.3436119765614
11.24931114069889,0.1,0.1,11.077123484104172
13.791179326605295,0.1,0.1,2.641913215914599
16.16094901815578,124.94443090424033,25.05005949766789,18.866555998157178
15.609501945927335,0.1,8.077157525133368,25.753838678745844
16.125375541115357,0.1,0.1,10.623334732415989
15.11154917260216,0.1,0.1,17.846632319669315
14.09455453643654,0.1,0.1,7.879666031850016
11.609465574173372,0.1,0.4018903007841885,23.705561516691226
10.361922698021413,89.49241399746433,20.96360274524827,19.52900926689338
13.594874649458875,0.1,15.993087531489923,21.29237661154051
17.675149347918858,0.1,4.284013550951361,5.555671172803786
14.083900205543696,187.58126560762497,0.1,24.32585549203675
12.810274919866492,0.1,0.1,19.702104313412473
14.635780519099125,84.1754170753994,0.1,25.44967306553164
14.456894968606571,0.1,0.1,3.771853255955808
15.326482946602987,0.1,5.567272976843052,14.277262109899578
13.057664575747205,0.1,10.675466305301311,21.965740960571527
14.239944250131678,0.1,16.369458731458487,8.638174050485684
10.474536787858451,0.1,19.75033808465638,9.354639983415508
16.09085673717782,0.1,14.161767281736672,6.396342942992279
11.477578903673066,0.1,28.559439031375156,0.1
17.42061524668358,0.1,0.1,5.747861794750426
11.12321792268007,262.4114052410718,9.442346686653515,19.45571596327231
13.85141124230568,0.1,0.1,14.336085800486863
13.332999392312875,0.1,0.1,15.650978242545294
19.94255189250119,0.1,0.1,15.426324386630357
12.477861568381313,0.1,0.1,0.1
17.258419046494666,0.1,0.1,25.185123511420738
17.8919647998384,0.1,0.1,11.784606053804252
16.11264291181943,0.1,0.1,11.682633592486058
17.20864097057796,0.1,0.1,3.54746334246334
11.082061308967099,0.1,16.02198049747995,13.374721083453629
15.882278829210575,0.1,35.7848608017534,1.6368006558977513
15.72963314685869,0.1,24.264821897276278,8.519632197080934
13.822123859275761,0.1,15.18288875162916,10.864182309504834
10.13071205445941,0.1,15.074867220002085,23.60308861009759
14.663576857687586,0.1,7.5482431557678416,6.1356898454165165
16.076498553450108,0.1,0.1,0.1
12.895224392835287,0.1,0.1,0.1
10.50156172015215,0.1,0.1,12.869805416366237
17.054072609871504,0.1,0.1,7.735265378356662
17.662642379772706,0.1,28.742790876625563,15.373430818420017
14.22956252223474,0.1,26.124443684181237,7.197172228137751
18.155184664584752,0.1,9.194131459488307,5.652531567722475
15.8814828997424,73.31893073357621,5.579047395980884,22.38624263902576
14.877522888359913,0.1,41.99390819585922,22.14736385927599
14.905409662986688,0.1,19.831001517061125,18.909988190960732
11.971638513068115,0.1,18.640907395531357,4.687712250155972
11.458289445153664,0.1,13.51971913541339,11.205859750282201
10.173007333896162,12.362388662709975,27.44357864143653,19.0698634349648
10.118127030940784,0.1,14.986048758832595,0.1
15.776665390801346,0.1,14.093513425026032,0.6870552834597667
14.798541211888736,0.1,17.53270027888896,6.747903832832401
10.42086043864645,0.1,20.000129193759577,14.16429119815228
15.870393882547395,0.1,0.1,10.910003705570396
12.028206239560532,0.1,22.085144203449204,21.17227672616354
12.43671932070505,0.1,12.264314611818982,24.503488111119736
12.105141847065966,0.1,3.3815270226301113,9.45519141627434
17.065585041372326,0.1,0.1,18.828089901668385
17.40647441778972,0.1,14.20307693969868,6.07610599327338
14.839801196044228,0.1,0.1,15.094708151530352
17.220689772793133,0.1,13.305124736371479,21.200563528972342
15.911052293826135,137.46766665455556,13.542017402883554,15.635643689737277
10.188617375557504,0.1,18.53704978056571,0.1
14.107492245330988,0.1,7.0257574434325925,12.964243457437057
17.595229878719785,106.78146750263917,0.1,9.675544447253092
11.987868579897865,0.1,0.1,11.371159611402284
11.785665393691712,0.1,41.79704196678535,11.014409320830747
13.366585011919762,104.40132298312005,7.360519242878806,1.0085349981824656
12.381205171099326,0.1,14.20482120882681,27.182856628994877
11.228476583106385,0.1,0.1,3.547748771554396
13.537358172806915,0.1,7.23880549315134,19.9226936331603
14.893698558363369,43.12798497084509,4.870050420946161,0.1
13.292694730134869,0.1,0.1,6.261289085461698
11.079710235308116,18.68306468442711,18.617500119913952,20.101454750795014
14.037222921366803,0.1,0.1,10.658920581854302
11.780206380751443,0.1,20.906408873805,2.8110768168971987
15.650738513765955,0.1,10.522426615379405,2.6962782554832536
14.116380608477881,0.1,28.72901509967167,0.1
16.823990746272322,0.1,24.227309755470564,18.25125495117206
15.384005498610204,48.91729338495759,3.1490441585704856,16.616317911740115
15.543743277614732,0.1,0.1,11.49265489778622
13.46425108545011,0.1,0.1,14.907893226292789
13.105509449893576,0.1,0.1,23.17955896873761
15.422284080565307,159.52719187226103,6.292198116979902,17.7651939295154
14.325010748776139,0.1,0.1,9.991971843719698
16.218917860906163,0.1,0.1,0.1
13.575928570652746,0.1,8.143024000436542,13.326889205935187
10.154374182477309,0.1,0.1,8.653438822806066
11.521375046947027,0.1,0.1,7.1296440375252885
14.852250981121838,0.1,3.265901627448713,11.915652547235721
16.253041555705614,0.1,0.1,30.45807692853358
13.664532646327,0.1,0.1,3.4195716999713497
13.131764495689898,0.1,0.1,2.9582323339357828
12.561681463152725,0.1,1.6097320866175346,8.101956761046438
14.521131747916534,0.1,0.1,4.176931298961987
13.034747604247743,0.1,0.1,0.1
13.908270734792069,0.1,7.754446967840822,10.820983579484551
10.846587510276448,0.1,7.799449192859087,20.49178632714363
19.695630698078478,278.680171274955,10.494945853977026,16.892904817461986
13.809228636835673,0.1,1.8849821525242154,0.1
15.117853644155495,255.79208660271217,12.288406083985944,34.47445633599019
14.62795245274326,0.1,9.07743819150592,12.893088928046659
13.066327697472062,0.1,2.5722645679579843,1.7072838979860059
15.956527122776768,0.1,0.1,14.503177330150173
14.464568690675222,0.1,0.3223551759822314,21.211524912381424
12.17120603269085,0.1,0.1,3.7092055356555242
12.745889560703262,0.1,0.1,14.760134123734813
15.073290002511941,0.1,9.624383087924596,22.604025909469694
17.177787309799953,0.1,40.17281951749578,5.5700991276229175
12.25584828378189,0.1,16.91940783690789,3.9344174463555
13.605392839934678,0.1,11.127316315891616,1.481160793247664
12.21583392389314,236.64078521916937,6.787701816657796,22.498888102953305
14.488721525939377,0.1,0.1,22.22647729422168
14.20176765903623,0.1,8.40621810799623,12.293350606944884
13.713891230024291,131.46338946113246,0.1,32.03816370469884
9.6966818317787,0.1,13.357706208841662,4.047185653940577
11.211566991676365,0.1,2.4375187194345216,10.889305776733284
15.978932086369982,0.1,0.1,1.4619651573124557
14.342053237021748,33.614253734742235,0.5674918667934774,19.084663767396872
12.151444414330507,19.01748608257327,0.1,6.030081608103417
14.915563665313467,0.1,7.529426917367826,13.525202274019627
11.07356648095365,0.1,26.173024729797987,0.1
16.04406498134847,0.1,6.395104984428094,0.1
12.953527308266402,0.1,0.1,8.745667176843352
15.743434503056593,0.1,7.28322277467872,14.804923854527104
11.587204309730502,47.68719651345553,16.14626440192917,28.203238162672143
18.28431703064963,0.1,0.1,9.371139485553433
18.913583774906314,0.1,0.1,19.025904495234517
10.040337002710697,0.1,0.1,9.543795184087791
14.853039965725793,0.1,1.0457986517950948,12.435140247759888
12.285457580585026,0.1,0.18744580087202856,4.234951947282241
15.729564756886607,0.1,24.730155860192752,14.916564206891007
13.981234672258092,0.1,15.342265495866464,6.16764481517238
12.938586807031996,81.1429102071388,0.1,28.25676379674543
16.764782852129507,0.1,0.1,12.572627298571728
13.621561961247695,0.1,0.1,15.2327818532873
13.724656121224193,0.1,7.273465360108756,4.410124244080617
17.04957514350501,0.1,4.758516931022916,6.8764640546595395
12.785631339102624,0.1,3.0308331416302536,5.293396199281286
9.386276463369722,0.1,18.42220693010271,28.196839170456272
10.137764121959835,38.54537215024668,31.5933644660346,25.977518581966553
11.540378915906787,0.1,16.56618690801241,27.193967016180498
15.227168363885736,0.1,0.1,14.985710593858485
12.747445785403299,0.1,0.1,14.489637073624412
16.222698462913595,0.1,0.1,3.8014590509220216
14.25486013593619,0.1,10.244817857237337,11.731531995388657
11.53842896007307,23.12798769855567,47.65647432019206,8.566071475184108
17.399002553090657,23.226200553127853,0.6527299395236934,13.639654583631824
15.346367411593741,0.1,0.1,7.772290936414054
14.762553719116092,0.1,14.11731184121021,1.5521412489810302
14.514605679730616,0.1,10.050625654662918,6.9494084348961565
7.738369196764949,0.1,7.980836667326623,17.147278867219306
21.825030083827457,0.1,2.3317192385982093,0.1
17.226115595345938,0.1,0.1,0.1
15.351214018483157,0.1,1.305493791675267,9.83181355740741
15.910309335843632,0.1,5.915878432865473,11.408853544311768
12.484789700499494,0.1,20.152413601792908,12.447957307723652
19.780525853491874,0.1,0.1,8.96005724528095
12.906007801518399,0.1,17.82483031027371,25.488791423058952
14.976569560450429,0.1,9.16185572106011,5.898422514693376
13.44620933875128,415.48221970807185,0.1,11.816770514766446
14.764681671245981,0.1,0.1,15.268576805760802
12.092778618135604,0.1,0.1,12.319431566018958
17.99929066344356,0.1,16.477815235568734,2.175696137749096
14.81096666174022,13.765418321658103,10.640265724726342,13.943815969056402
14.483741471515991,0.1,8.367944078831522,14.079221230880515
12.788921573634864,0.1,24.472690943307107,21.700842135080638
13.49127090629679,0.1,3.4413283082799735,14.078170100643929
13.849628271280173,0.1,14.033507741491086,12.72816294040065
12.925114106313524,200.43241892703264,3.523948417132355,18.426950853570087
12.796623923198167,0.1,10.918986214784422,15.92145587360512
14.309367219211955,0.1,0.1,15.847037365794954
10.458848811228918,0.1,2.021836686513507,0.1
15.279919094886257,149.58060640589073,6.148539496617085,22.85558733632097
10.146236998344325,0.1,5.657625872518564,2.183752488151274
15.352955563103816,0.1,9.904367336597247,4.572760860553874
11.02368027874952,0.1,13.65922186553889,16.969961901575886
11.14903609484177,0.1,4.729818269746422,3.9804451406426793
14.911891470729167,0.1,15.924826683206906,0.1
14.17474009688612,0.1,0.1,19.759114681198056
10.278541915316492,0.1,8.458137714073436,1.4364470175660493
15.361345321410713,0.1,6.306448897897149,9.861894384858704
13.798574150517409,0.1,0.1,12.672427355964855
12.238866599019806,0.3349863795548629,9.914677694156842,11.781416128418371
18.806032045305855,0.1,0.1,2.103534370580139
10.023835334892645,0.1,21.961809083616693,7.096861340276865
16.192769109221118,39.48968146628829,0.1,28.38374885465356
13.899108617778108,26.52276956591217,12.738546208829288,20.64434901503555
12.501896010636331,0.1,19.756186811072226,12.940206396455931
6.9975173024971005,239.51803217900647,9.943096263013881,29.24440740593871
13.228212625759582,0.1,10.546352661603398,11.13134582837821
14.920206909921733,0.1,25.065124338324566,1.3258740465042358
12.819871143670968,0.1,2.325320541709039,13.970415856156432
12.925838076959938,0.1,37.80428040739019,12.773938040808272
7.811211406705531,0.1,29.05497202210355,10.494197767790114
13.16125048862293,0.1,0.1,1.2521297713715782
13.88727751322498,0.48205814633200816,0.1,14.074182181780245
14.053253154458236,0.1,0.1,13.177872443007093
15.78087983967326,0.1,20.957397505956735,9.377698755218445
12.04652597178722,0.1,8.919121287962039,0.1
18.303647004763366,0.1,2.9578422809516587,8.01800111461775
13.178702618079413,86.9943548822407,18.539971087845466,17.307067479333817
13.7835467366524,0.1,18.245531176123542,3.452852748095591
14.198999869198875,0.1,11.651268230788983,14.439280518134005
13.754216078573748,0.1,6.719176831942554,12.701168155184682
15.565073798080423,0.1,0.1,9.884519506515947
12.78318551652932,0.1,5.483147050599641,7.400930186572907
17.229079198912565,0.1,0.6886138367083969,8.922370801410164
14.300621230325541,0.1,0.1,34.869741612994986
13.774470063056516,0.1,0.1,15.542832970037862
12.845814595327896,34.429406220266785,0.3042513048675497,27.00967946070702
11.322621459350728,191.94129138652116,0.1,12.335319681415076
11.780724751524618,0.1,4.437132827463027,15.036003592572737
12.066076272536566,0.1,0.1,2.734215321812325
18.497180168901252,0.1,0.1,3.4928436238418534
11.29567490323194,0.1,9.251772434761914,25.219242089477085
14.456268831587435,0.1,0.1,6.202243796735983
12.126378908656415,0.1,26.546735119874903,7.096942157667042
12.673567977769713,0.1,9.524555579324993,0.1
15.055746173412235,152.4568332380762,0.1,13.413692008276888
9.359873392335812,0.1,32.37092536577364,12.632721300657458
18.093844142646816,55.77603547348605,14.235263792003622,16.20630191835883
14.197880935238638,0.1,2.544016564570385,26.906645702785873
15.775370665163521,0.1,0.1,11.56551761473494
13.526082752785916,0.1,4.391796462273673,11.724175584832341
12.577412008800218,0.1,0.1,7.771953090806111
18.55561510993133,360.7641098830711,5.952327369225933,12.408936209608267
13.103115966911979,0.1,0.1,10.617397699343398
15.365946698664365,175.41562349220595,7.181736158477661,11.924167962746179
12.490067819806836,0.1,7.084356130313479,1.8472212541231308
13.717187741692113,140.53524172147033,0.1,0.1
13.076078755139157,0.1,2.411156212410101,17.16957875568275
15.983224242651996,0.1,4.1319890353103315,9.490586004813409
13.857136669684204,0.1,19.161421170187374,19.333169163895327
11.882377470601313,0.1,10.036060190826161,9.101306501554122
12.025392675518392,0.1,0.1,3.543643903553825
15.600083582801712,0.1,15.557845275138654,1.013456735283441
14.790534427101141,0.1,7.335458586963857,22.627238565976036
14.873963816386123,0.1,21.352115900808776,1.5793124396532754
15.846879316571966,0.1,0.1,7.220543426279811
13.197429258961554,0.1,8.181435290776443,15.673939433348052
12.798488464962501,131.93826564877915,0.1,4.238701371644842
12.33188523892225,69.19064323599595,32.577006024787906,15.716698924855367
15.857293500649302,266.64922869395866,23.966211542761943,14.8506064521915
12.921335721839526,22.23509412455877,7.773569737623088,14.846365893917522
15.123285706040447,0.1,0.1,20.007556400304136
14.914537882253779,0.1,0.1,13.271741578986584
12.189140236719588,0.1,8.867386612261981,0.1
8.97269826720473,6.376268915763006,41.4002439234337,10.406441224184999
16.733753732464017,0.1,8.438775956811588,6.959864107297538
13.74386870127103,0.1,0.1,19.98570550414462
14.118370790789642,0.1,15.648344118626628,26.496894537114184
17.177674783661676,0.1,17.181099116568497,11.184507714104942
7.226587237714402,0.1,0.3246662744253568,10.515243558498144
12.205348432448556,198.71391757167734,12.279034626866988,30.44393450860349
16.85294501611952,0.1,12.499982542667016,12.179135949511334
16.60360863775019,0.1,0.1,12.811286520239705
14.563043004161226,0.1,0.1,0.1
12.734141970138893,67.3578324873531,0.1,25.761675000415273
16.196971831055777,0.1,0.1,3.3248838856482443
15.27142812989947,59.18357547526213,7.809046062902947,17.853070173903724
13.669642159799942,0.1,4.86508579117708,25.6965210661612
16.02993070281818,0.1,0.1,7.17713745085004
16.617373369722674,118.56832156862974,15.850424894013859,21.1528800435249
15.515414402507197,0.1,16.458034373858414,3.751678598991866
15.31742442391477,0.1,0.1,20.13755028990685
12.821299238574529,0.1,0.1,3.1862232931656855
16.736734719149588,0.1,0.1,0.41173197424862096
18.309006011260454,0.1,23.464688675366986,3.1391201926992203
16.55411616906064,0.1,0.1,0.1
10.547843747658558,0.1,8.902427649928512,16.271739588891737
9.534159590019662,0.1,6.540802645988991,0.1
12.842347056022783,0.1,16.12106630717888,19.62764566979699
17.68953922413537,0.1,0.1,23.92652856868729
11.90320177609458,0.1,0.1,14.35201411117129
19.492491988423822,15.080091420471064,0.1,14.98929116666638
9.782607828951516,0.1,20.26962852512235,17.51158667584645
17.183040649772945,0.1,22.123760183245086,0.1
11.934338518416983,0.1,3.0606342560322943,8.13203378782624
14.857703820531432,0.1,0.1,14.1519065859056
13.775617184999536,0.1,0.1,2.3105295846362495
17.49405536444209,0.1,0.1,25.50107293120686
13.990560996792057,0.1,10.896409070551519,0.1
13.52182601922733,0.1,10.711196681834828,10.848883657732555
15.053054116679295,0.1,4.3619871003539625,4.80877795524785
8.707368297949131,2.181869618010836,22.027101625290893,13.443680933242067
12.765897843770958,0.1,7.530749790422271,7.65557562272164
14.623844800414412,21.786586259976872,12.242926319860612,7.935495350921354
11.69991655060042,0.1,14.07193752788369,19.27828263534952
15.07776434273607,45.429081555743835,0.1,23.528754741882285
10.75757343302656,0.1,9.151187457347675,0.1
16.676991562026416,0.1,0.1,0.1
14.792369274844875,0.1,0.1,13.646822184103117
19.83982553610967,151.6037132011945,0.1,12.551259433052909
15.475950146274391,0.1,8.072966322227302,3.5024696580741015
13.778332019602168,137.97851865411553,0.6743675531859328,0.1
11.865476920021381,0.1,19.026568208766115,3.307398492424163
17.47802743286386,0.1,0.1,10.048026085504588
14.416238933953581,0.1,9.032254592708385,12.306437545648068
12.4684047021407,0.1,0.1,11.405025273897401
17.808673312737344,0.1,0.1,13.177723871073347
13.423533700820586,0.1,29.633646216841548,20.74085384544959
12.881135142709198,0.1,15.739371751323688,0.1
11.183473684825437,0.1,0.1,10.396455039670789
16.023362586113205,0.1,0.1,10.601810700680922
14.531912679695905,0.1,0.9321560946813197,13.709880816604056
16.035501481848552,0.1,0.1444869784543279,14.814574294894873
11.130016572798125,0.1,25.31240779529989,8.499686160474958
15.480580240448894,0.1,0.1,10.83944923536193
14.433576969462383,0.1,15.959851738305316,15.55723687270666
17.03714363391204,0.1,0.1,20.849540082433435
12.368190611739507,0.1,17.759967789351098,11.78728767181168
8.926244218219995,0.1,0.1,19.42838797176869
14.17598751458057,0.1,17.511866663591405,0.1
10.41950545232414,0.1,0.1,22.394463376565124
15.813412344465476,0.1,29.36047284768219,8.395348502587474
13.671846962796018,0.1,8.580371711163888,0.6895181546237836
13.96859302122373,307.44834583309,18.00363011944909,20.403037746481548
14.024019447436515,0.1,24.7988736794196,4.992156193629917
17.417324918861524,0.1,19.07904492407269,10.258482381992046
14.76449505052643,0.1,1.284922332879983,18.88763130571889
11.723377748456953,70.91018039864257,7.353147031158446,9.048823795630693
17.35683741286634,0.1,15.07444874910399,24.636479710563542
13.55834757917452,0.1,0.1,30.841131347086943
14.264398940544275,0.1,0.1,19.821433677971804
14.855417857857262,0.1,28.184109305785917,12.374505663224387
12.807430890752924,0.1,1.5595471420849325,12.60644276803792
14.27989575625568,0.1,15.05326566770042,22.30690120209872
14.187431193219817,0.1,0.1,0.1
13.862926426529048,0.1,0.1,6.6857049327341045
11.354016497065436,302.35937302127655,2.7725687775598455,18.722958841286705
18.266111170532252,0.1,0.1,1.1207914971676658
14.793366257875743,0.1,1.4917904714038404,11.926043674816821
12.646204522008558,0.1,0.1,9.639620047462499
13.6026090116175,0.1,10.600489350409214,12.577596402907595
13.523798272819537,0.1,0.1,0.1
9.000827706625149,0.1,0.1,19.562119374268363
13.400107318913912,0.1,0.1,14.176264628886091
15.91831681907883,0.1,0.1,11.957891178599214
15.448721504938868,143.22825001206263,23.202323203664378,16.28583899888568
13.207827784675828,133.76985847537634,0.1,7.128262110425631
12.32186591808651,5.255542422375271,0.1,15.24171519291597
12.05262228584712,26.885781687407757,10.025184368261298,24.625126333864557
12.329728695722824,0.1,0.1,0.1
14.903714118620622,0.1,25.449776397117475,0.1
12.44636722592358,0.1,33.83101634054515,10.370448715633245
14.932719658392962,0.1,3.49143286844874,19.26356613683189
11.748541242664711,0.1,14.905591789537608,5.218591478424859
16.487020010598716,0.1,3.329759515729033,9.567030877910515
15.22903225518435,0.1,4.9432677331048005,23.541331621006005
12.921468671300406,20.99926016626199,2.4295898859088743,32.17046896958533
11.66455611476898,0.1,24.368809127054128,0.1
13.534190779709999,161.8208550754492,0.1,17.366895301506666
10.486120678456253,0.1,17.549870095891663,5.195498636190878
11.44237662642432,0.1,14.995215827604028,17.53017342382775
13.472767430762273,0.1,0.7560222643637289,0.6073632427051052
21.177289116305033,0.1,0.1,23.410141113903023
11.557510763775625,0.1,0.1,7.463866635088124
12.593244071896928,0.1,0.1,27.22174594878795
14.906712215606674,0.1,20.453713248474067,13.902773756019673
14.853979500019884,0.1,0.1,12.566206632798714
13.624719944416707,0.1,2.7886380443330996,4.6891942820863015
16.917732159439634,0.1,17.261625161538973,18.675523365664933
13.071835804661754,0.1,1.6096232450429575,5.042270297884864
13.410495554682047,37.815727657090406,8.436628511025829,16.148003706767383
16.54933140352604,0.1,9.595474212165767,15.939636691728703
12.264228326417006,0.1,15.694285522067663,10.446436810775381
12.36852789643722,0.1,29.512095473541997,6.973195156914597
14.413166035037547,0.1,14.82972971394052,6.637883795351113
13.247755213945739,0.1,14.641993783653831,0.1
13.734226479885564,0.1,21.018662586458653,11.971695992949064
12.44420790635871,0.1,0.1,14.600664383502341
9.66907198827073,0.1,0.1,5.321690004946841
13.67494260284655,0.1,2.76788753529598,18.440555130427953
12.127258420273282,0.1,21.0825133981088,9.414095047106054
17.02578866097358,0.1,12.92109638641766,21.78375048457162
14.783939486638834,0.1,30.086183694857404,8.753035593082693
15.144103658625003,0.1,3.95775703770041,0.23635498883070127
8.173390631845866,0.1,35.57409510701402,17.590998923126534
11.775598782487737,153.16445440888685,0.8867817185649125,16.52779965656444
15.581772541969464,0.1,0.1,1.0981317840682863
14.675527733914116,0.1,2.4376248840579633,11.57872139970565
15.355623928893479,0.1,5.174940246926228,9.56280584863559
13.07049785245803,0.1,0.1,0.1
14.870291335308796,123.36806648334236,0.1,18.654022500197478
14.848813735540459,50.03808408568541,0.1,6.133408748437585
14.797986300087693,0.1,10.670341802500817,13.407571358237805
10.472986338551916,0.1,12.266277693319058,17.739715358764048
13.380891758219457,0.1,15.004857663542026,12.185418519934412
12.235700179442842,4.955211456315396,18.502907696282747,6.949210899550327
16.064044201842975,0.1,3.1482104227536745,20.420667472509503
16.2559424895439,0.1,0.1,1.9299669420567156
13.01010735102673,31.257332061082906,0.1,13.438655877352783
13.277126416929256,0.1,0.1,29.387982562148053
13.391657177384943,116.40486408793183,20.058472116849025,18.854484501978597
15.41090920737363,0.1,8.668256570672897,2.8490872522767994
21.396167780818566,89.17603961293301,0.1,11.441161419272738
13.190321883074208,0.1,17.547986524725832,9.580702995849208
11.378850225267922,0.1,0.1,13.881065130480533
16.743650902556332,0.1,0.1,6.7226260942734495
11.34261709785084,63.3515198800976,0.1,24.25764231944877
15.715967767394421,106.00725270235077,23.740635392993244,1.3944425473977304
12.815270971287024,0.1,29.135705443792716,11.02028425497156
12.963362808041179,0.1,14.072763163086464,11.640000319371696
9.127107038920087,157.09929328318825,7.994512844352951,14.756497858150684
15.709901557113131,170.47457163528702,28.925301286731468,16.91385918559417
12.163793585838977,0.1,0.8570940760376988,14.862307671309892
16.741492454984837,0.1,26.628127587394708,24.254219186273666
9.684734936205054,0.1,10.22524278572393,12.989977567971867
11.862275399806835,0.1,8.466143930389787,13.502269803326113
15.694000789737117,0.1,14.10474655783894,4.760380558679792
15.352156563208366,0.1,11.357535969183678,3.4890225626570857
11.07252981973953,32.800386220181835,1.2566276514303167,2.387847636396195
11.333801086543009,0.1,22.131345486445596,15.51632436606451
14.355126455789234,0.1,18.362519986345767,11.081639295622121
14.344589521596564,0.1,13.105869439222458,0.1
13.262747463808088,0.1,0.1,17.977458859792012
13.290643919890814,0.1,2.0823338781813474,0.1
14.54672966473456,106.11861494779303,0.1,2.6461733948838493
13.807328216317469,85.43103886790848,0.1,14.239900781995066
12.770313911834059,0.1,0.1,12.719226809319492
13.764119672611947,0.1,0.1,10.479851524005552
12.226421588391938,348.8359136768182,0.1,44.91656781401524
14.014260454510698,43.97945201283578,18.456876920559736,23.12207580400647
10.176562339027386,0.1,27.679243934565918,18.54194625978684
12.168036821916209,0.1,0.1,15.0797692949253
12.634833176436267,0.1,31.245888608392207,9.380788337886392
14.784602264802885,0.1,0.13553584719150003,3.2319714197360874
12.041010848863202,0.1,4.441035233863511,10.662921863319326
11.587601944414686,0.1,26.216164592656348,8.12765115953771
10.678872973260566,0.1,0.1,0.4256719537800002
15.552871082512064,152.58910850706212,15.55631233151712,16.250054901750527
12.394362625956855,0.1,21.71009637917951,3.018487892831345
13.711485158657442,0.1,19.728142985958726,7.7330620379180015
11.66923504325114,164.45842486641558,7.195576059591854,12.921583187504002
15.983099977412383,100.87036391466395,4.597675226855256,17.109317865177708
12.61064864528207,0.1,17.708379827797252,3.5540260939658967
8.12545029934565,0.1,6.798605035856175,6.77904113496052
14.281180299505856,0.1,0.1,0.1
15.474849918779302,26.513826977402488,16.941229039991782,15.007250969022895
13.859509488582802,0.1,12.443637913215417,6.394918214705587
13.023354684289547,0.1,0.9404957639981593,2.6401348491111136
16.648637918933527,0.1,20.526493008425874,12.473334952069614
14.32060367361562,0.1,0.1,16.40014957412562
10.817321284713273,0.1,4.865235854059198,13.951894579578571
12.777974763783488,0.1,13.336479191270806,0.1
17.402210329591508,0.1,0.1,17.213542239984275
16.565138262007288,0.1,15.254257473040504,9.763996556236672
11.485532515580047,0.1,0.1,0.1
15.094029578715212,0.1,18.207872675615683,24.990432311114212
14.199395549165544,0.1,24.48452719666102,10.113394832974132
14.473371763114272,0.1,29.318990419773378,6.078164306003039
15.027547182988105,0.1,9.333121615213027,5.063100668541249
9.88940669631299,0.1,4.221221967426796,11.442678479925318
17.130397114890346,0.1,0.1,0.1
14.003400833035482,27.106531886247183,25.218839586688283,4.516801067591954
13.441858405857795,110.73499925896412,15.94305327875493,22.589629610453617
15.6872248727909,0.1,0.1,0.23893275592062224
16.11676083397357,223.62715919783733,0.1,7.866385564891475
14.088218307097128,0.1,0.1,11.046972795184322
12.503229898034023,0.1,5.232848669307177,22.591847805995453
15.181214437107085,0.1,0.1,21.974910387929032
15.613588089003922,0.1,20.315942842477313,12.757654573403428
10.440070872783153,0.1,0.9017125285611831,26.288939228002377
12.487523193255074,0.1,0.1,3.073705170946887
18.77691200134146,38.314713733186224,0.1,3.312000766830927
11.980308215517272,14.376733188506421,0.1,20.835280323789412
14.069292346457356,13.748516830918675,0.1,24.328577838055036
16.133796598788116,96.81428324209898,18.23516207431411,16.261923643484064
12.68458594697941,0.1,1.5823982638094263,0.7701344260415226
15.288470153116368,0.1,0.1,14.0867933352764
9.429388349355749,0.1,0.1,27.641565868209618
9.177683637443648,0.1,22.16002733274651,15.99114354102996
11.038076388388289,0.1,22.27873711781933,0.1
13.183964336154398,18.62617127760646,16.395387523124494,13.283362013343334
13.126286019092184,0.1,0.1,5.471081469631585
13.556242300686634,0.1,6.948647165201704,5.096333400449312
14.402519222869355,106.02864541619793,0.1,16.44609933536573
14.986296172822726,0.1,10.980679994529194,7.373243462352429
12.464732811127625,159.04526120443865,0.1,9.576527876868731
11.658469452556837,146.9301900985086,0.8451156804703768,20.201050695267334
12.403077658791537,0.1,7.724794332217974,15.628216635128139
12.229470027393733,0.1,0.1,13.335327751845195
12.249057711318247,0.1,18.51792868867232,13.854927938588505
13.044904484233099,0.1,4.859458622225035,8.098679492028817
17.71674268443775,42.36917780450453,12.634292271587935,12.40443876231937
14.513991882775802,0.1,0.1,17.507141940483038
14.643945386542509,210.15895666393874,21.1276324771881,40.29552374110585
12.346485469979749,0.1,17.513477575086938,20.433229770223193
11.638751345061852,0.1,0.1,22.64447995836058
16.440584754985146,40.016711984387726,0.1,8.517380834922285
13.590201045212877,0.1,9.085959280764596,18.424040147098548
15.041868174962989,0.1,0.1,3.4961866363436265
14.410729884535542,0.1,14.165304146225509,14.019378014326836
11.45148529344194,0.1,11.710429352864976,10.645847533658374
13.571722126639159,0.1,0.1,0.1
12.274885401824395,0.1,20.10560822760987,13.525097919955599
10.793913417236553,191.39116126538832,42.38363235185461,15.133925577058177
14.863414932339046,0.1,0.1,11.497489833968213
10.94626414424253,54.23263691084313,5.8974731767277575,16.44994586389881
12.084338130836914,0.1,0.1,12.63963688217186
15.3766562985787,131.73750849991865,7.19800328188528,8.350581653146273
13.43209330828168,0.1,21.66678840185221,10.508617213098688
14.28273815303246,149.0018114016103,4.8967692982590165,25.47240507019253
10.594990409584348,28.810417492146996,14.371009525028196,9.259500830578528
15.328914009415634,0.1,14.770392898703456,26.048775358074693
15.077191542045576,0.1,0.1,9.63325297125284
18.996055514718314,0.1,0.1,16.78687370399487
12.45313970208443,0.1,25.34957004549323,9.953746657030809
10.515476327056575,0.1,3.6102552945428856,12.363371912171612
12.335469994125122,0.1,0.1,18.55403999214331
13.002756478942935,0.1,2.3877178731521633,1.7894116563059654
10.366158857304383,67.00043616292274,0.1,27.986533996307926
16.170987272476886,0.1,0.1,1.2612985290039234
13.76016320762229,0.1,6.050025513608,0.1
13.018143493280913,0.1,9.8337853317519,10.846201746381489
13.804332839405696,0.1,18.706215382928768,2.0773707955597907
15.434317860392573,0.1,15.388690239997867,25.666889661214643
14.476460140807697,0.1,0.1,10.483106786601208
12.244936093280861,0.1,0.1,12.300709573275864
14.19732344974313,133.97556414325294,0.1,22.277039255408344
15.529661388577004,225.21753100684396,13.902789324627825,20.926576210204612
14.423301358087048,0.1,42.10215629107073,12.546949897169132
13.244593359731233,187.53089058521905,0.1,18.274306105767053
17.28295895253349,0.1,0.1,0.1
16.516963570366293,0.1,20.55144033234694,6.490570142932542
13.495382440507184,0.1,0.1,0.1
16.015243177521477,0.1,0.1,12.735053000365905
13.140912198310962,0.1,16.439281524554417,25.885901063547045
14.404580336396783,87.9128458062794,0.6487569421669965,3.5817565895499524
12.569584723283503,0.1,0.1,28.190148237199537
17.891366241002196,0.1,0.1,15.125900901616102
12.156459734448273,0.1,0.1,0.386307424000929
8.842159599503281,0.1,0.4741797251636326,10.682516987321577
16.298370439693624,0.1,10.739435360842698,16.0000382865743
16.558832097555563,0.1,7.491596321411137,4.067181001143812
14.311984234792225,40.29740452729722,5.182821200005465,15.053471487908286
14.32536696783197,27.96195151796286,3.7005571219067486,14.761607979031034
12.077675411501657,0.1,27.898235060796758,13.187132316500545
13.74078145178476,40.20758684665569,11.34417238953403,15.228994979469023
11.337781541364135,0.1,21.7526915437261,8.315880455769747
10.306973467374213,0.1,0.1,16.589710274691264
14.05788123608341,0.1,0.1,9.953363968865881
13.67751905177254,97.35968106434129,3.2493214169703135,14.301621611354028
16.78994789083286,0.1,5.087795985558096,0.1
17.872921805750675,0.1,0.1,16.127527136382124
14.537209059387703,0.1,5.691561023489552,14.494478916827273
16.352101847279062,0.1,0.1,10.679877804161753
7.515924714479456,0.1,3.6277384416284226,11.037837246919214
15.338259812998794,0.1,0.1,6.701343370543208
11.360392932102664,0.1,0.1,5.8638446421450965
16.49510368841823,279.75500107505354,6.733980929737348,13.959211274002486
16.23123570053288,0.1,0.1,0.1
14.420303789587336,214.24717609573543,0.1,19.263411667496335
15.145419455802502,0.1,0.1,1.4318900989734615
14.729292059271867,0.1,0.1,9.190084895217707
11.377620665592012,0.1,0.1,26.573478740061596
9.057841790465368,0.1,19.56981934171173,3.3516486193706463
15.041448783749027,0.1,0.1,19.68786143827862
9.477709349824462,0.1,2.539289573545954,15.774848464471528
8.450076951511603,0.1,4.476141363549027,15.474240119098809
17.555420349952183,46.74561890657374,0.1,20.143926715124422
13.241692987961107,68.55644713027043,0.1,24.279482234388702
10.63107178645669,165.0004501963927,2.6536905987522514,12.254751917703388
14.996482515434288,0.1,0.1,5.843197791786205
16.04645577513235,0.1,0.1,1.5795441808495418
18.682876847257855,0.1,8.830141014763408,3.1831586010806987
12.904691901594214,0.1,0.7693136578261885,0.1
11.585058155102535,0.1,0.6208524499609434,42.41639810040691
14.79187186795309,0.1,0.6776421335732321,11.3027276539087
14.07542162886736,216.40374600251684,0.1,19.88363534504202
13.61395284205246,72.0688243089175,0.1,19.68738787149279
14.474609970495536,0.1,0.1,10.434835581443384
13.391018075267384,0.1,8.563199801020618,7.89123418286284
14.882600343734595,0.1,9.465668551245313,20.96920750124972
13.086499866525825,0.1,0.1,9.289442625888764
12.62014581075743,0.1,18.555751596101985,9.501914363115189
11.24455333733051,0.1,8.295376830353213,2.954856061518658
16.431613972409746,0.1,0.1,15.91235554785564
15.511841154655574,0.1,0.1,11.019078195650655
12.556057660242713,0.1,5.9233361636460025,13.194869542836745
13.907524658074554,0.1,0.1,10.750253241314256
18.25608240681508,0.1,0.1,8.933100184435283
11.738048022052817,0.1,8.450225602328528,8.939294462041794
11.131927877797732,0.1,4.352912845939901,0.1
14.233345387871326,176.98759726345372,12.857026344886288,17.90131407072676
16.703877039924738,0.1,0.1,5.975875922752886
16.792963719949917,62.21926282256261,0.1,30.78655069103543
10.869912988597369,0.1,7.178039580470294,18.34386352918822
12.515511995814364,0.1,27.86115130064519,21.37592776269072
11.486208742535474,183.94363707749045,0.1,0.1
14.219058269562874,0.1,17.724348605866364,20.578730941196127
15.143119155990727,0.1,9.75566687314065,18.073691990983228
12.975790728137124,0.4569565007846279,0.1,14.199643318644927
15.046882064306988,0.1,0.1,9.32771622903639
15.26253977213805,0.1,0.1,12.209311753335532
10.030484728375248,57.812105171169875,0.1,14.623807999267624
19.78515468399736,99.41153344862784,3.2016595362020466,11.028269684451354
19.34455853984209,0.1,0.1,3.4515341405326065
16.633767835800114,38.402779723664196,19.923920058706,16.497961573303176
15.11537732154399,0.1,4.62010156653151,7.583313425001553
11.220703270589798,0.1,32.30547416855952,11.804959027395768
10.492959056218083,0.1,24.60818481935432,10.766288845167656
14.618629718149007,0.1,0.1,6.748901305598341
16.555553031302672,0.1,0.33307766190051247,12.249640522470479
14.781455033240828,0.1,0.1,17.0217858284075
17.35013773644741,0.1,16.731640862989583,0.1
9.502740335627228,0.1,7.989982569125259,11.690714793364728
13.61851937762894,0.1,14.666921752456243,6.691930482795197
10.180856182190265,0.1,0.1,15.648527827907094
16.742718651471233,0.1,0.1,0.8162911923357292
14.895105736817818,0.1,0.1,9.561215673904485
12.219234086191817,8.50595113119175,21.679537877801394,30.603276101534732
12.170964210163687,0.1,36.08142734597095,13.657987747958355
14.655065515690445,0.1,16.350324862518356,19.83187541241523
13.09226510232672,0.1,7.777957445447446,7.693625779106863
16.444497549290876,0.1,9.885825618500775,4.7283506042712915
13.775175223446228,0.1,0.1,14.31834433535098
13.00744410174967,0.1,3.5976097196442156,28.93275889001424
14.574304498591497,0.1,0.1,0.1
10.67111104912242,0.1,16.603353967188163,15.458469700474096
14.498100791939754,0.1,30.358171829852317,10.499658212905281
17.451816941472686,0.1,0.1,7.595926855460963
16.066797333922164,91.59804711463859,12.712497259722628,10.139115791392399
16.93896061021799,0.1,6.014156351527879,10.416690185541308
15.127047998477773,0.1,0.1,32.380306184957455
11.101624420214087,0.1,0.1,5.837766938076713
11.07825820886339,0.1,12.855497167424167,11.079808229063342
14.348893889464211,10.29833868953233,22.759031999384604,6.592417392643986
14.715595683168921,0.1,1.1796054812021834,3.9408537420030854
12.566595152477367,0.1,12.002550382714968,4.897105641046503
16.283234356749844,0.1,0.1,14.017223345836978
15.643474468051176,0.1,21.7287588198086,12.661691572075886
16.19812790670518,0.1,0.1,16.467234705021237
16.615080171637487,0.1,0.5482679003689928,11.406227596024038
18.945260800628304,241.22122257393704,4.8347151549686895,11.573362136639108
12.559548229148653,50.71655489472916,32.19839008472221,35.45206585029629
10.881158860957258,0.1,0.1,18.205575343831864
13.385052403148503,0.1,27.392592688088016,22.653746341048997
14.830522349203479,178.80979713203513,6.9510237617641595,19.98549938641007
11.637491892992246,0.1,3.2119064290217114,6.497992642356305
15.217638764884413,0.1,5.184630461123523,0.1
13.01765011939675,0.1,0.1,2.7924249584200176
15.555852512587727,84.6601184980554,2.884846765145606,7.853055682634338
7.427662258434461,0.1,3.8862015265416447,33.51154729919203
13.61988839156133,148.41094549665385,20.567166439313795,8.180270283550787
15.329464526423543,0.1,5.322877817812419,0.1
10.038909532042382,0.1,13.412636491623473,11.309432521607269
13.018671866986804,0.1,4.545512582875036,7.132793666718266
13.252997538108815,0.1,13.149980249835224,19.197338825366188
14.22821562299245,0.1,0.1,5.809561070352057
15.167560299894502,0.1,13.11197490460169,9.733120223041773
13.134928942328967,0.1,0.1,10.164961056216491
10.342022146405098,66.16880598694607,0.1,17.80781947029815
13.847246346515085,0.1,10.391091207595613,0.1
15.615895804056905,0.1,5.47662884627282,1.6279260531906878
13.336362842018136,0.1,0.1,10.922462457344757
14.249492897726618,0.1,0.1,0.7515496196144866
9.981784481245507,0.1,0.1,9.772440394455582
13.397562840713269,59.67409601382836,22.65977157368232,9.423690112984355
14.798727856914864,0.1,14.570840861186067,20.081217662321862
15.401535509835137,0.1,15.755703168338725,4.237287803976981
8.347662727330984,0.1,13.27938312865038,11.807765254200117
14.283328996528411,0.1,0.1,0.1
8.969699843895672,0.1,31.754584930163688,0.1
10.05441662729529,353.30923034052125,0.1,27.144284038550662
12.415027250672322,0.1,27.12840893108571,5.282512325299226
8.622996952791656,27.30669351077978,13.9505544007785,17.25985414751927
15.180951798025088,0.1,20.280560388488176,9.312507831003844
12.90740840820065,0.1,23.063253725616732,3.124423701703691
11.900857753302882,0.1,23.486917084517806,11.164185769146954
16.914967633858343,99.59951701417016,0.1,17.689187374921623
17.320912877940195,0.1,0.1,19.480424246060927
16.592589939263082,0.1,5.438141922407523,0.1
15.702882692961824,0.1,3.728342578040176,23.462862208206246
10.283345995876395,0.1,8.794425474485807,9.012089728492105
14.660376411435635,0.1,0.1,17.58914310065611
15.319665994082134,0.1,0.42030573621254685,4.127442415385309
13.200493072630536,0.1,9.760226512962886,24.482765450838702
16.429987142853236,0.1,0.1,17.091430178961264
15.074060398779782,0.1,0.1,0.1
12.451835367235066,0.1,0.1,21.293087875427425
11.63455619781373,0.1,15.2437872224343,11.060746744635706
14.573958232573036,0.1,32.23644991281776,1.4719775453824226
15.44057823407726,43.828194878792104,11.077983824057831,25.186052789939115
12.537168750621491,0.1,11.816048785879564,12.655361997865032
11.422662528966816,0.1,0.1,2.154784299201914
15.235159052073902,0.1,0.1,11.662941814862332
11.97973881408162,43.69869220710335,7.028905902794576,13.442671181831763
14.465392789401534,0.1,0.1,15.213095494048801
12.890975348682787,0.1,22.29437833125684,17.045159350237917
13.565817741636438,0.1,0.1,3.300038306693832
9.341547874501336,187.41496805755045,15.271438230880772,25.0771997132953
14.197416367747433,71.3892055147826,13.719768987150514,16.04449170065201
12.25146035426743,0.1,6.608080997736945,31.077200921046725
10.994619402226368,0.1,0.1,14.439083071662495
19.05633566750639,0.1,1.7204083019850023,19.083039286938142
12.690326872543721,154.29296179102727,0.1,10.069674281802198
15.794204969194663,0.1,17.035957023862053,19.48448225822177
13.443557168472424,0.1,26.083794370739867,3.9882571851944437
17.569066489381935,37.266336618058105,0.1,8.883559552257186
13.240860500969132,0.1,0.1,10.614295742200492
13.084975110337558,0.1,0.1,7.374992577022766
11.982331007879997,0.1,0.1,22.148362627078825
14.445799120566635,0.1,31.74488869320671,4.066476448072525
11.47242994315785,0.1,35.68603476177274,19.65697669382546
11.226656579597732,0.1,0.1,0.1
15.646215724625444,0.1,8.180591063186775,0.1
13.145113923867193,0.1,0.1,14.52714452008249
17.233170105222943,0.1,0.1,9.318089700243695
17.17477408039978,0.1,7.717299282786424,6.062470649449317
14.934212712354208,0.1,7.576937993151027,0.1
14.024643051014646,0.1,9.868728555353863,15.832160742775137
12.064028850775681,0.1,0.1,20.926786281105546
14.545679456918382,145.15082222881023,0.708793841504721,25.669584637946635
14.325760701004638,0.1,13.222738179949582,5.742998818008143
10.16165665171137,0.1,33.4631590997866,21.633105191224406
16.641512787891923,0.1,0.1,6.150265689369961
8.681642286342926,0.1,17.741265444047848,16.2212096274899
11.433893703982527,0.1,13.91596586386638,13.351701075955397
16.882771354561854,12.380965364965846,13.717900945791449,21.070791139580397
9.436993422983182,0.1,19.190936740739303,7.738730094352341
12.672058316939575,238.35361158279608,0.1,17.434269836098984
12.690063656777793,0.1,0.1,12.555781474790027
15.80047189162305,0.1,0.6205357046808953,10.44933223704945
10.352516405536775,0.1,24.96871892089937,12.204353321997614
11.930075693700259,0.1,14.248627585806343,5.867270274308501
12.782420090245079,45.69248640147812,0.1,6.915823687291537
17.392789212216258,0.1,26.216543981244854,13.054920275232298
9.243827152084265,0.1,15.415760356649924,5.566552605975193
12.282622654691732,0.1,17.791656364457072,9.155323161334005
13.480884711804965,0.1,5.609780510695606,0.1
11.27094392819355,0.1,10.972476204857932,10.56919431476234
16.4040057163062,0.1,0.1,10.085722341588582
16.050155130862603,123.67499308778427,21.19285535869151,7.470970429294345
15.140485259402192,0.1,0.1,16.285975403411648
13.80117759227935,0.1,0.6081330809560193,7.520702750672845
17.553492847613263,204.97026505334236,0.1,25.892211183878686
18.028299505275857,0.1,4.290725721384836,1.073519162890836
15.253033475240409,121.77267125144597,0.1,13.915359932684833
15.467045245640424,0.1,32.94143426666542,14.460214596361297
15.587925465222234,136.54863431013297,14.929735597186177,10.598419478299645
13.436658193957173,0.1,11.684165140390597,13.762081453834925
15.715551172504794,0.1,0.1,19.108821568811337
10.220865151002826,0.1,0.1,2.359651848050696
14.442545127005046,0.1,8.279174845957927,0.1
14.5353931266448,0.1,0.1,0.1
13.987884458845771,0.1,0.1,2.9119290969951344
9.516275875387471,0.1,28.615670970632614,26.564072082023724
14.203083663609757,431.36209466238273,0.1,29.45781628597825
12.607224280504072,152.83119672496557,26.41812377568636,24.435179125213992
13.214343162078405,0.1,10.416908494218845,0.1
13.329415444438368,95.84930547923848,13.679804730009971,4.26787096737905
14.274295161643053,0.1,5.20965140273782,14.676012467501293
11.849895774033817,0.1,0.1,2.5926418220130074
14.589735745635675,0.1,0.1,0.1
12.00127034665565,224.9231084167132,9.729248182724328,26.80855014485947
14.199061734473633,0.1,0.1,1.2128520367579654
15.627622787064297,0.1,3.504065485318219,4.331281302195382
10.768270744712757,0.1,17.19683917172499,11.446740356441444
10.012189927858389,0.1,9.903232298821461,26.26759067942035
11.317320966420304,0.1,18.11643058484976,24.629869265520803
13.089355106642564,0.1,13.685485513554154,19.89326755833669
10.278581080826127,0.1,2.720165678046948,24.058011277954073
14.797384265398303,0.1,10.69306446818436,7.529452590572552
13.192118662319022,0.1,0.1,9.737809386855494
17.173858746508447,0.1,12.346607309290986,6.454332131119184
16.64787575962659,0.1,0.1,4.998223014174746
13.948563205313308,0.1,0.1,14.804182049353418
13.003291758740536,0.1,0.1,2.3075825162492514
13.010292352672117,263.57300671071044,0.1,27.40379160216636
14.467207831303385,20.206256999613373,0.1,16.23973538314295
13.474611436970031,40.222497777433475,0.1,29.014763221473842
16.839749493434027,6.864999030013962,13.556469989792511,8.354114795125252
11.50202884170274,274.6338455245978,17.003744765277254,17.33173780354466
14.221587189868966,32.23612021885745,0.1,17.93129229533995
10.801708430770375,0.1,0.1,8.912301706561273
13.621660080167658,0.1,0.1,7.924400012313779
9.0864524792059,0.1,14.9358871921716,0.1
15.3932159565568,0.1,0.1,11.080208941252996
12.353192646475803,0.1,28.956669958741863,0.2384793319282359
17.422697524987967,0.1,18.767191710637846,17.641771462873344
17.50010404441101,0.1,9.222380231389685,39.840310956690885
12.51748452369267,0.1,0.1,27.532056126128083
17.68676022354722,0.1,0.1,7.613641242741986
10.96930560450032,0.1,9.530205866114615,10.921527185561963
11.111338777859844,0.1,4.025489231578683,19.95181270516569
10.788453862544381,0.1,22.082881047022468,21.267060197484383
16.49565354498854,0.1,11.170129698188843,0.22940052622763218
16.925693611262066,156.44540295458876,0.1,5.006388717942626
15.5747743509281,0.1,1.1615776345317395,27.547202879272188
11.277195365270668,96.51154232342726,15.498593765238994,35.35512073449004
19.77839494831127,0.1,6.700570661532911,14.242789216588392
10.967418948577837,0.1,13.208549308961686,4.294280121247459
13.774320874191641,0.1,13.615105837508157,5.7593903042159305
10.197328985862258,0.1,11.768181878900265,9.944393253338252
8.074744099041306,53.31139560328637,2.6946117670013843,15.84779074244145
14.33594285137379,0.1,15.060171236045072,4.994497646859347
16.82619091682195,0.1,0.1,13.962728264627945
16.7155940555433,0.1,0.1,20.67839414764633
14.64037209741912,0.1,0.1,25.128259955312714
12.081215445640845,0.1,0.1,18.198016146673915
17.176154558098602,0.1,0.1,18.376856408233877
13.46805368684952,0.1,12.09759569359922,20.504705370935547
18.378858995893804,146.7557540039857,0.1,15.537070303144386
8.882785272195392,36.64605411944174,0.1,8.78371518593348
11.438549942230594,0.1,23.20970233127295,10.272174843966997
14.945551973833787,31.158385281408627,8.65833843760291,11.229203113916773
15.030726461154378,0.1,0.1,17.983372798777967
15.739003600200382,0.1,16.19395238551673,0.1
16.028549180759452,53.005959634168704,8.503719846039838,27.56493217704668
14.727267375112842,0.1,15.11881568212,3.45886567185795
12.558794665326488,0.1,41.9624001204653,7.812688238822043
13.693118711148944,0.1,0.1,16.08931478805031
15.072991581208456,0.1,5.742441408244202,0.1641974608376735
11.391624891144197,0.1,24.627676595010854,3.149625943660194
13.357761297152853,0.1,0.1,12.969517175235945
15.244057939656852,0.1,0.1,25.979000144210143
17.97534835595152,0.1,0.1,10.42989996101217
13.281810099729512,180.28921114298137,0.1,15.347502531181192
16.49150119455973,40.517310893815875,0.1,22.76085554472363
14.504492282820495,0.1,0.1,26.660288303243334
17.973664589383496,0.1,0.1,21.06024636571415
13.0217358197439,0.1,25.200345665364644,0.1
11.66201835376064,0.1,5.070934586001201,24.600569289178665
14.180864672863205,505.2850038431421,11.015410160106882,8.383408849532023
17.093398424521062,0.1,0.1,0.1
17.247465715979875,137.64067954822897,0.1,23.508456916503413
17.0164993895571,33.81002270082794,0.1,8.39828766603495
15.219115280139128,0.1,0.1,17.552365892912498
17.393792782468243,0.1,1.0036945690579095,24.585344724865095
14.671571863245411,0.1,0.1,21.99832093640442
15.797479646995825,36.723000139861114,0.1,22.18094892664795
13.04249859842658,0.1,18.581886502175355,20.802995737184098
17.101057465234753,0.1,0.1,13.158008557761695
14.548176366110496,0.1,3.8081031763832476,15.727920757345712
13.165674219912876,0.1,0.1,20.059516419823737
14.915134776450302,0.1,0.1,10.656644421809158
16.170543256479437,72.05136519617976,3.96070750644735,22.659119596458638
15.450744351775953,0.1,1.4593491159548364,28.654481663782615
14.691291495826796,0.1,0.1,0.1
15.395360239628207,0.1,0.1,27.168106486681115
7.583861917439422,227.36475195064122,5.661010687997974,24.020648105577237
8.984398623093377,66.65427924795085,26.573470939176246,25.266117213011068
11.604793260947964,0.1,8.38844503196342,2.634992796194304
17.08208276920744,0.1,35.79630931250268,11.6304629783322
14.484911924831376,0.1,22.487633228612644,0.1
16.92812906726479,0.1,0.1,10.815311713704656
11.641164112376348,0.1,21.708084100960022,5.21101441965612
15.50471688689695,0.1,5.445281497728752,4.003876760293016
14.537687745028983,0.1,0.1,18.116849636246734
14.069707869548605,0.1,9.871205512053955,22.067007485880552
11.50759236652665,105.41853132897381,27.729768798749312,10.569143549935276
18.318902743935613,35.020948546198724,0.1,13.076084622088604
17.003480003620226,0.1,10.363366287038422,11.123878879094155
13.697215114818796,0.1,0.1,12.08996439338544
14.254605742885154,0.1,1.9921477846676714,1.775984318856267
12.66757480534118,28.6140896071293,0.1,12.038715050593888
12.586600827029182,3.9568069324121495,22.583162880399186,35.79826553139485
14.501825070175077,165.52117369292722,12.618727592566078,9.14352286913173
15.238083114030173,0.1,0.1,16.76041353545516
14.470687869584482,27.390121959708125,17.19811446611578,18.83862509918406
13.23185690811739,0.1,0.6165308529248366,6.222754280702738
14.952037474447776,0.1,32.60769227460121,11.480526549676277
10.600380462166791,206.06332256799755,14.00464335929043,21.086677194894342
18.64331413203101,0.1,9.022545219162676,22.869308212879016
13.956389029807111,0.1,0.1,7.426763815619191
13.612744594128241,0.1,21.463565402272597,18.780374422117287
13.922976235998988,62.81224111621157,10.927157068281145,10.70919938184804
15.160939332319828,408.0845585373181,27.12664413037937,25.834691694775056
12.763346358324101,0.1,5.09644172546149,21.266897933356592
16.476365373569077,0.1,9.039028346641203,4.20664529085508
16.43351755889308,100.35689917488784,0.1,19.35246900504303
9.191089476728191,0.1,23.15673936843053,13.002356295765718
14.413356662013406,2.963576574321735,28.022762500485868,4.282274183812747
7.776341119573925,0.1,5.426757688637116,0.1
15.538997641030285,0.1,15.703634806125649,3.057676527649356
11.44478390010452,236.9589466187407,0.1,18.605423969022844
15.73882410277146,27.108087135188867,17.57790649014732,0.1
10.197510524468122,0.1,0.1,11.974137538551735
11.564339706294012,0.1,11.09999717289354,9.74815734430465
10.453081446308794,129.48613417419514,0.1,18.442282981343254
20.16424896793495,66.1957224984674,2.080994389118225,9.578659691462594
15.198892560995095,0.1,27.61534842832672,13.756370810814133
15.02263208028761,0.1,0.1,9.698577282824967
14.002395641117378,0.1,8.319281276451127,3.275648381915282
15.566182136266729,0.1,5.752626267465107,29.19055089119935
11.745268765827504,237.12543988652908,9.824749994977664,21.472139332358076
13.722255393478601,231.0009407076359,7.221862692826518,2.2195177694894497
15.071671096230057,0.1,22.986473456769847,27.121471417001814
14.988533473268632,0.1,0.1,0.1
10.844460617007822,0.1,0.1,10.362517390568858
16.45748398051456,0.1,0.1,0.1
12.303529859909652,0.1,0.1,28.26455033622763
14.13144578797293,0.1,14.012732576105648,7.8723869410161225
10.93776924095328,52.386348712847976,0.1,18.53017970693296
15.876362160756909,0.1,2.8709595123787723,4.5835623248133
14.72923712591817,121.90041298537861,0.1,14.92068319398136
14.107591066872647,0.1,0.1,13.350357963126946
15.739067262819809,0.1,4.983327882139227,0.3810841903636799
10.704986496691097,0.1,0.1,5.7452492001872635
14.010737177322024,128.37233212068875,31.852662081823453,11.983461431830783
14.388545762617527,0.1,18.194410872538327,10.373437153473155
13.842676801627807,0.1,0.1,12.704276504128115
16.783734193653814,0.1,4.916861369747199,13.374273660217614
15.151473254521528,0.1,0.1,8.483753603191957
15.905892036210568,0.1,3.6379648525444184,6.532835210788468
15.600040272148595,83.09227898608196,14.277779466790847,0.190060066418404
14.733568347960606,0.1,19.45226999196509,1.1248348881548722
14.195023211095354,0.1,0.1,19.276930057802986
19.232875558507857,0.1,9.565185327157643,14.003338879889744
15.704903094850732,0.1,0.1,21.724254888942315
13.781734348815142,13.7217184193957,30.60107376377576,11.025252847834079
10.719925520673826,0.1,0.1,12.095320968004483
10.015841135196553,0.1,2.06189774008217,13.479170407749319
16.92230098012272,0.1,34.211280460032526,20.579543735930475
10.696160448625111,25.704677888379706,0.1,26.33606797801886
13.758413875366445,0.1,14.107105113817603,22.416784921605487
12.488255032924924,0.1,15.517870169677977,11.11902663570894
16.59716989638865,0.1,0.1,5.338829963126777
15.243396926743861,0.1,17.42320187050433,2.343730232115707
10.26811445120095,0.1,16.502982015935682,4.248544648776477
16.80297810063683,0.1,0.1,14.48900118054402
15.636615045433713,0.1,0.1,11.311042927350481
12.400204542751304,0.1,6.9754724249876245,27.203375882961254
16.402272634684508,17.681607709238335,0.1,23.459699805948745
12.169296392916973,0.1,0.1,8.791156647648428
11.138883839586605,112.20470767344321,0.1,12.087901438800365
14.551846860627458,17.704212603816956,0.7074357300871803,8.859701675496254
14.903318479358928,0.1,4.606911918448715,6.027279987106935
13.767583458067588,74.4171484905675,0.1,7.51431254390371
13.072037233609716,0.1,8.678006368997398,3.361598463238783
16.913607999012182,0.1,0.1,3.844002334734361
14.297248512239769,73.94346870484256,19.17718703979688,15.442250358328778
13.119313465245813,0.1,15.26845567516511,26.34735011167129
13.788171188861877,311.18733631397134,11.077809300789118,9.899086033717
14.54115763601544,182.8986223585751,0.1,22.48308988183455
17.57537053999758,0.1,18.754336597679234,21.770573561099383
15.102675203123967,10.804758924671972,14.01177255623427,11.106784677313637
13.805492798868332,0.1,23.325773699271938,12.82009206195956
14.625875187913191,0.1,0.1,0.1
11.374346566930955,0.1,37.01226770347683,8.212714385604542
13.261137016842124,0.1,0.1,13.321957145406593
12.177464370755729,0.1,0.1,5.977754602116779
15.23033518756457,0.1,0.1,8.355699846155412
16.33752093600816,0.1,20.389615257497077,9.753504033365104
10.76497784628624,372.30962858408236,20.695829485928023,34.741189352564184
12.054245934797695,36.32143449030062,2.291153439584196,10.89018174313058
14.880295680155905,0.1,11.503922918331266,1.2426597000158672
17.344513914007116,0.1,0.1,5.230558384803498
13.905918248983214,0.1,0.1,5.568850916309941
12.471279640546875,0.1,0.1,9.52175846790472
16.899746922704775,0.1,11.259472765613724,0.1
11.221816704783661,0.1,2.123030955427893,28.206443222450737
12.55686476824915,0.1,12.880464496255772,19.819974769370177
14.170138547997322,15.0336631333968,5.549812393542707,9.11950632573886
17.109769114141848,0.1,2.5944362156979235,0.1
13.509152925663686,0.1,2.1084048557841637,5.363195773002426
15.860836367585751,0.1,0.1,0.5812201242532531
8.950348358868663,0.1,0.1,11.39678532263041
14.914826286919576,0.1,0.1,4.842934777340224
15.015252165903028,0.1,0.1,12.485514944870069
16.654693027456055,0.1,0.1,7.042304456257101
14.553559473877367,92.20760895284201,5.665346412551772,19.098279586114714
10.583444989365605,0.1,31.656726239894724,12.380111664370162
14.077887294901554,69.5064006632558,4.234567406182582,9.05241579497941
12.7702108546242,9.601542431946825,0.1,7.445384010940227
14.232692728067919,0.1,5.897849593271465,13.541806765893508
11.192077474326924,119.40048139335914,9.477353726898786,15.600989099436458
13.785300100036917,0.1,4.910634851033494,7.272628723164166
12.253375523357384,209.7166785697019,10.970833414496031,33.491521498686836
13.416942723537092,0.1,0.1,13.384210601335722
17.216156710280814,0.1,0.1,14.127737445973064
12.109852848712176,4.399592886344038,19.25038611255487,23.536939465573884
14.58480446015622,0.1,14.10294217661583,9.403932558201014
14.652059322381323,0.1,8.413881179138034,3.5762236725828505
8.861124398947538,0.1,0.1,3.7233549354331306
13.577300915280432,0.1,0.5396773701833428,16.36406270471945
14.115833315304677,0.1,5.013545961142723,13.22606462395557
13.318652514870688,0.1,9.123098370803037,25.23604198507252
12.629850419490397,0.1,0.1,11.21901056872578
15.741479294101092,0.1,26.543678928900334,9.338704457083082
14.799335205954002,0.1,3.9317836934661603,0.6173232317241713
13.067466359208437,155.1059769269009,26.362763097993373,23.768252198222015
17.222560854952803,0.1,0.27631143259406254,17.201004998012266
10.7639121864869,0.1,11.988284402783512,12.334075021139904
15.074440330618973,0.1,7.78665833696417,25.96229544012938
14.016978039912575,19.441319861880316,12.51183676324051,19.106612594321163
14.167044416621273,0.1,49.69414149624395,16.212372778104612
12.970720124005613,4.548268989292239,11.732267655630086,25.949333851381237
14.812088634917249,17.82707814835834,20.18084481725019,23.420029535057502
10.239707100200205,0.1,16.06236903202484,8.468873582131756
14.432744963892887,177.43053566112283,0.1,26.88838011564734
15.072251036046596,0.1,0.1,15.491892460405774
13.765411260878825,0.1,14.286456789906552,2.683524839416755
11.640130972695257,0.1,4.496773693388031,24.425849940834315
9.510900294115473,0.1491059946671669,14.667490320524763,9.864190350671675
11.58299404607628,3.778859389742564,14.82112319194992,18.50053199756783
15.062802074709666,0.1,13.848039773518414,17.16720495834508
13.726685743488558,0.1,20.860190609621412,11.968188392149475
16.667889296107663,0.1,7.075999148461232,23.26072173816384
11.377986949884678,0.1,0.1,14.304735024901426
19.659833323126282,0.1,0.1,0.1
15.167777494231542,435.66170618957426,0.1,12.147202047638764
16.874632223970604,0.1,2.976524349116594,5.657879265605063
15.253050959203014,0.1,12.898823304416723,15.433405425420167
15.552343622556245,0.1,12.307063691130223,18.5662131455405
12.746090025868217,0.1,0.1,22.184975330229197
14.921513382422031,19.379836566490127,4.586113284756788,18.585392216645772
14.888829426217267,0.1,0.1,0.1
15.905505977540962,155.19904243571946,14.582773388816566,25.56721919092503
12.679758349287626,0.1,17.877601871095894,7.394892163829141
14.903166806637117,0.1,3.5135655952071314,13.5286217329497
15.418244517571399,0.1,0.1,10.276193914166257
14.428059009889019,39.9653486805842,0.1,2.940478415485533
10.636957325639965,0.1,0.1,20.950365112270976
14.077961014308533,0.1,0.1,4.282848589234964
14.33354836516902,233.78605021072642,1.3119123877740453,26.3482503031752
13.257797219976595,0.1,0.1634966240875393,15.989251949018902
12.771628465787801,0.1,7.309720093424304,21.503341230685578
13.146488213851322,0.1,2.0335080878958403,8.756549978740997
12.751717616293742,155.98622712395542,7.6988835195854355,22.833553052974203
16.251459446460196,0.1,22.868027042489963,12.264245922184122
13.178887254749766,0.1,2.807714086421198,14.900312400628867
10.391324813942598,0.1,0.1,14.324132367526845
17.548338781334312,0.1,0.1,5.46997143197467
14.824996452158334,0.1,4.131877174104569,8.708563859123977
15.907027441058421,69.73395132089773,0.1,19.848364968679515
11.59588569223782,0.1,4.349793890567555,1.9842291980721463
13.492137947400797,0.1,9.664383518248023,11.578878797336003
13.27821439889204,0.1,23.442395601869272,14.917357843713427
13.25591947378661,0.1,0.1,0.1
7.965200470325336,72.59192039705164,19.851508070478907,33.432802503716
13.225342837368284,0.1,3.3402803103387813,1.5927348315370082
16.220510996852283,8.777870127937291,26.69080461730823,14.298887822685224
14.299148325992558,0.1,24.909209186384288,0.11136471549374605
13.809125945026576,0.1,6.028448925839877,30.969628847818957
12.977691790330088,0.1,0.1,25.696567209547194
14.30321072731636,374.2474762277747,0.1,9.943569208746693
14.6541591704726,0.1,9.126798311762283,26.96141166190518
15.76073696955565,213.81753083096805,6.947904060137743,13.678633883228414
17.37678885560051,0.1,0.1,18.634855293696315
13.936174004422476,0.1,8.068473145598247,6.344525137660275
11.651794382043533,0.1,13.450803165228049,10.035794545667839
10.890422220136855,16.987538975179802,4.5496243173541515,10.651946436026767
17.849410605207495,56.4240667903435,20.739828317732435,10.423374036467123
16.084605765443662,0.1,0.1,2.0418389584839574
15.915484837716782,0.1,16.368063045504478,2.3384279675797615
14.017618618798393,0.1,0.1,11.983019924316839
12.75108179839625,192.2361871912687,20.296147621927147,30.723086592985148
12.670692521816328,0.1,4.1521215038799095,18.40310885368887
14.908790588030488,0.1,0.1,2.3677627414279314
12.098956169889723,0.1,11.779481113086662,0.848233354274047
11.649745153933242,0.1,0.1,22.75710778614225
15.371226347076366,0.1,6.5130223873646615,0.1
15.502395036206272,0.1,0.1,5.059401602634672
14.99098906245396,0.1,5.123126101518195,9.636870775733367
15.407722721472107,0.1,0.1,4.358241796989814
16.899157848839284,0.1,0.1,13.732039710338999
11.632341461963076,0.1,0.1,18.32168746376707
14.872665350126969,0.1,20.320943511598813,15.525364775158888
14.263384040627777,0.1,3.2106895482986353,0.1
11.586223302403791,0.1,16.999422200304892,12.559513582056095
13.01628596994604,0.1,0.1,0.1
15.096454231888005,0.1,4.896842079059943,19.908467666528168
17.132186777066742,0.1,0.1,5.351775769476506
18.152821644057372,0.1,0.1,9.01208357656717
16.305942357953185,0.1,6.470257301133555,13.505261821474296
13.797378744149075,310.42543766200333,3.0179184956629603,25.23344074556288
14.979825394110666,0.1,13.64772723381357,12.317403950614391
11.97535043028419,0.1,0.1,0.1
17.588408498773077,0.1,0.1,0.18184747675090307
14.744966728665963,0.1,3.7102662909107424,13.705959733913586
14.073875524495739,0.1,22.254676300760863,2.6774465577942372
14.458876390505296,0.1,0.1,7.94620978643465
18.11709264349279,0.1,0.1,13.485203007649048
11.874976823515862,0.1,21.403576243708947,9.857004069511262
10.548855855818026,58.24863948313009,21.787750574289618,19.066724082337064
12.403722406263496,0.1,17.683841819319902,13.64536603831149
16.54516436137834,0.1,0.1,15.946078523366705
12.511671264296034,0.747764315029599,13.35658380626016,26.746870045323714
17.312073144988627,0.1,0.1,12.927595434845284
15.777707826650165,0.1,0.1,10.74107833502225
14.040802433400861,0.1,14.042314605458813,0.5794769016899792
16.017752601064686,172.69128363852013,6.931703037478919,27.025544759636922
14.630086408346619,0.1,9.515493820180328,8.242437850746297
16.63907753667518,0.1,25.95285197586412,20.60114768033581
14.939095408917549,0.1,4.387300639990865,8.100245961369344
12.937867879584315,0.1,0.1,22.664586133984706
15.840411418477572,45.62298744455805,13.738423895765148,10.287500594790869
12.55531466794269,0.1,22.327213521923277,0.1
13.42849174409859,0.1,0.1,19.867641704222777
11.832584988857036,0.1,3.2752732061718612,20.12551618974193
17.73116678001663,0.1,11.904424442435815,6.056883843425336
13.904279885217408,0.1,7.3400569954933435,5.515733458397772
14.202478179918518,0.1,0.1,24.30813352749211
10.432772473321299,0.1,8.370389405571197,11.547882945019008
12.09600992274217,0.1,36.55547550728124,18.10941710475829
14.647676669254338,0.1,18.516135792261164,12.780470192877893
13.08717510561516,0.1,0.1,11.93236159165584
15.877538551160121,88.96775113380099,0.1,10.984716874327873
11.883130937483667,0.1,10.186089523855829,13.170981299769197
17.241769416556718,0.1,0.1,0.1
14.931307931833711,0.1,17.091022964470422,16.46424680995308
9.17122355300916,0.1,35.881110142929394,9.486173400561592
13.285120261028618,0.1,9.834965782206744,10.976199576433142
14.882950868669983,226.1287548641132,0.1,23.791558201550906
10.277841803335527,0.1,0.1,15.958100952811057
15.052877372252777,0.1,0.1,13.112268485953532
14.287102220427146,0.1,10.113954084680563,29.514145018420056
13.916340353276707,0.1,15.345221047214231,0.1
17.777572444643056,0.1,3.9728018096319904,0.1
13.585297342095778,21.895589311489545,0.1,11.991655465617065
14.608948007373051,0.1,0.1,4.599924354316968
16.60264120756577,0.1,7.585010421103001,10.242938781743588
12.728091834172139,0.1,0.1,3.3108195321422507
11.508266064765106,0.1,0.1,7.574074622983579
16.281239405134507,0.33800775238199776,18.459711023066426,11.259801392669972
15.187372138181356,1.330219788481827,0.1,6.759005060762803
12.723828034662485,0.1,10.648559358235813,6.686945742823912
14.38409153044164,86.16634319441368,26.40914647099234,25.65946101425397
15.58179378511673,28.783694946093448,12.056631571876029,8.754614277235664
15.705901875747925,0.1,0.1,0.1
14.12587391245217,240.48691249298375,7.1936057992587035,19.26787466110892
16.636364972552425,12.185195642920178,0.1,20.94892780510738
17.224911156546405,0.1,0.1,5.956086041811584
16.6335881018652,0.1,0.1,0.1
10.958004133374692,0.1,9.657788319230807,11.899312926357744
14.839642272262175,0.1,13.383300463494411,0.1
14.595909514139407,0.1,4.392960272225058,12.42863816192563
12.302496127638769,0.1,10.905698424966058,0.1
13.169600180863222,0.1,21.00192715556321,8.073018629230742
14.044778544324291,48.04680666095672,9.641309389634474,10.662275887996305
12.64587595019525,0.1,12.667880599706777,10.394206333393248
16.75397881986778,471.9506973515006,0.1,17.605955355381347
15.31190964685442,0.1,0.1,0.1
10.005534449797318,95.09994047690435,0.1,19.311074635501196
15.412667275384123,112.77854872421688,23.185793210237915,17.146801662997817
17.235819899217105,0.1,0.1,6.706042667577876
12.665516003427815,0.1,0.1,8.431849326184375
15.853507609346154,0.1,7.89902902148153,6.367520099583352
17.2021180246752,0.1,12.514402410913618,0.1
13.005379087920469,0.1,24.079476058360328,0.1
12.19271511318583,22.90055841606474,0.9645760492091355,5.147795833016442
15.664001595217671,0.1,19.10163007685871,24.700978977423368
13.689479044624054,0.1,0.1,22.513012838770422
12.680522902732207,0.1,18.81483900700058,0.1
11.966720662323013,0.1,25.060924208551718,15.482122006237224
10.247999674834897,29.490092790468537,37.70920234159948,25.003196624810656
14.958683691665378,0.1,18.234632294871634,3.8784270639894736
14.434695833986357,0.1,2.2587072815440568,10.147525352204363
12.300573089573476,0.1,16.706620373869377,0.1
13.282393872514195,0.1,18.461185799689375,2.5283746805627167
13.685590568018926,0.1,0.1,9.677647401338826
11.051504789818276,0.1,2.8288227116602,14.559099705449274
14.931533156379075,0.1,4.289255342101259,17.66080062805545
14.679584138017614,50.7305046853088,31.64735231705484,0.1
15.999850546786767,0.1,0.1,4.634193113713831
16.353693627067443,0.1,21.217758246493574,12.781023061955324
12.676661453211167,0.1,0.1,11.887487040960101
14.071682623395748,0.1,0.1,17.156677373852464
16.347656215395045,0.1,22.305956465304263,13.250706308347716
13.894444706799124,0.1,6.873849611011931,15.709978578574471
13.352524279045035,0.1,0.1,21.31205549833153
14.884780168660908,0.1,0.1,25.768539250945743
14.2299808677169,0.1,5.019827057266738,12.035115873767936
16.39095058544073,0.1,0.1,11.499998250893556
16.424149379637466,0.1,19.87152096081528,15.917698765058246
13.378016798450734,352.5341115557161,0.1,24.9094599609244
13.744486273248274,0.1,2.8239486904344524,0.1
16.161609415137736,0.1,13.549749112305548,8.962522028074465
17.149279494383475,0.1,9.965997678381829,2.894492716108484
13.543335126845927,144.63895047599658,40.095223920329204,16.28080443623723
17.368515432892686,96.51915391353329,14.222774283097579,9.963616349542551
14.65821059955881,0.1,4.616478907262177,15.25525214855464
6.375779087770894,0.1,16.44546912391234,7.018152518411572
13.905279280773078,249.11951322282826,5.808980955399697,7.60575746325164
13.5597716979991,0.1,34.76080172574831,3.8741134546271567
11.143287574343534,0.1,19.85176322612298,15.434543252695446
17.819395235043462,0.1,0.1,8.48175476169562
14.903660061884718,112.18506617144537,11.667749251599037,15.519029322901808
14.506409921009165,0.1,5.772286129020747,20.037350312828305
11.971726821877665,0.1,16.451121788303368,21.244868352284502
12.708954005292174,0.1,24.593374729851718,10.603562234384652
16.975746450465564,0.1,2.805498284786654,10.20042776549809
12.489890674677564,0.1,25.37870306313109,6.99072620390233
12.056547323876858,0.1,2.4948131186699163,9.234014239894245
15.267150716464444,0.1,0.1,21.033415197114252
16.15223640261644,0.1,0.1,12.127739169410697
15.106972029337621,127.16075820722834,0.1,9.545564260423879
10.082225869338721,0.1,12.459447755842756,1.893168408351496
16.13537786941148,0.1,0.1,0.7454957425658542
14.613013814391332,2.366133944264277,0.1,2.800411138344309
17.108400258413113,0.1,9.143065039194513,13.054308398790754
13.068532668247684,0.1,9.46593619246709,10.119202852869872
15.496185244497203,166.64735904360225,0.1,26.11543050629398
12.965123929773519,0.1,0.1,6.666356061272868
13.513644045586258,105.95479959879869,7.778756710551974,6.591774069349103
14.415503777995028,112.41442789699735,5.8151880709053305,4.4150773876408
12.196180242599217,0.1,9.199382531385542,8.720577604607989
15.223188658038547,0.1,7.380133111447949,6.509640933881375
12.799891978368573,0.1,0.1,13.944837761936025
13.396958006784232,0.1,4.626991373403028,15.158873796842165
11.145552092070748,0.1,32.773459244203025,19.147413238276247
16.224124676464612,0.1,5.225725619934943,25.75214136625185
12.649730730589258,0.1,10.97201913670989,17.413556218816876
9.39849388628482,0.1,9.395970725205089,20.530432346095346
15.895262628073317,33.883013760606744,7.730000324575409,16.410822232984508
12.802856350268755,0.1,0.1,11.393831142731118
11.887309306741692,0.1,0.1,0.23752200831246384
12.16506659320355,0.1,4.776015899584944,18.160527263028644
12.429249396378307,0.1,13.106939148972582,12.084052122444021
11.925760494565816,0.1,0.1,23.05909038849251
11.697754898796694,0.1,13.282417337383526,0.1
15.08007243274372,0.1,11.183974115708834,11.679524989733373
14.57854940355587,0.1,14.941630663408766,7.994600556059973
18.6059930845978,0.1,18.612064267614592,11.472674490140932
9.78408752103954,0.1,19.743388842278094,0.1
15.709789071718017,0.1,28.348674665215782,14.832496807966951
12.90676521045088,0.1,18.094782520730817,0.4693231765076824
9.823333494617156,0.1,0.1,20.589707831388434
10.808372467024935,0.1,0.1,10.604551028525227
13.440719001378103,178.09713278049568,0.1,12.003076053399344
10.455723571380966,0.1,0.1,22.045755481764676
13.719923000626984,0.1,31.215096111545968,16.258914532155625
12.992075697864433,0.1,27.027886276951364,22.717480170372703
13.23210452747784,0.1,4.173678517631156,17.850639672259693
12.508670929406888,0.1,9.701785669287958,12.926813642867032
17.637986881429924,0.1,17.43574115843412,15.094637267889098
15.14692600430659,0.1,0.1,3.601852124566422
9.995024414687876,0.1,0.1,1.3020348780240099
12.182992646853883,0.1,14.888147360759257,1.7118303046010261
14.027314716256868,0.1,21.275719109201738,0.1
12.850398171270983,0.1,23.872107380630332,2.529729038983316
11.426704545553081,44.42312091142651,0.1,0.5225043968621499
16.86257287735635,0.1,11.213513943454949,19.111696497746063
11.292471091308647,0.1,21.4071067382376,5.9871422003778605
9.472770088150229,0.1,6.3666178209847555,26.72714416379783
18.427030446674504,0.1,1.780033327489999,5.720866754330084
15.456671748421837,0.1,3.4793309834679755,0.1
8.064661294280448,0.1,4.089226449238587,22.385561357510092
16.40535845416586,0.1,11.596624938448313,15.218896721726388
15.374092888395733,0.1,0.1,5.2015380515590675
13.864993704792491,0.1,0.9091326376814406,3.690444657492028
12.923574977645663,72.58452596188489,27.87766739520294,8.996235493104265
15.196491028649566,0.1,4.11471994335845,12.916901377270468
15.277449182045535,0.1,19.784547358150146,2.606193314676073
13.762191999079272,0.1,1.1406874852890807,7.945221525373686
10.655039737878662,0.1,0.1,22.88583401447978
15.295735059170681,0.1,2.6818801346130243,21.670525291987406
15.028226950805617,17.055561031973184,5.618200810355422,15.737689372902677
12.264072009149976,0.1,0.1,0.1
13.884993428362598,105.55957004863163,7.551853573776326,18.21479950222375
17.369367063095503,0.1,0.1,8.80522467092962
10.667064147169292,0.1,0.1,5.355927984043552
13.738940903287602,0.1,14.411417154457753,7.2556294621006145
13.824070765037638,0.1,0.1,3.028052143041691
15.954071132414917,0.1,0.1,0.1
11.156337478446265,0.1,0.1,10.691153986823837
14.152358769881893,0.1,0.1,6.5685604724848154
13.039940046843297,0.1,0.1,15.887923290235689
16.484844540021612,200.55644357043002,28.545144390734407,24.213584711115736
13.500843936387477,268.19880487095764,7.704169890992662,23.118026085065974
14.315177818341187,174.7918336833494,0.1,3.7999713264979853
13.229148106981434,0.1,0.1,2.757046532512888
16.491522688162863,0.1,0.1,26.08337560936615
15.057052971879564,0.1,0.1,26.90254935027803
17.39895944785396,0.1,16.1359586776574,8.977867968363757
13.209522729175442,79.37929455433185,0.1,5.982060784253134
13.255398792477628,86.07671025878841,14.487922951153703,11.374145116395763
17.255289002578323,0.1,0.1,19.60490459812615
18.57742630470828,0.1,14.754392812872027,21.831007374523637
13.660745740276527,181.12650402792042,4.969139128831988,23.780286986044754
17.516483075789804,211.60112722124686,0.1,7.4968516783331385
17.546217475333496,0.1,0.1,12.330326315420226
15.98869155101141,0.1,13.19665694514186,15.098847691991246
14.876282517438046,0.1,0.1,1.0845257040646352
13.155979936920826,62.722932942019526,0.1,24.29504619924149
9.249918498447142,57.135451896672606,20.950337403240848,18.717170969918108
19.33032012131694,0.1,0.1,0.1
14.997714569672768,0.1,0.1,18.383006823185706
9.517360528699307,49.522807723899845,5.490569762283723,19.896183855901356
14.606390987992052,3.169634880514593,8.931704417207687,25.9010967770634
17.444256828181963,0.1,0.1,8.716118230671565
13.35842127420341,0.1,20.071575346361016,12.636727786811642
17.541368711699413,0.1,13.646269962956753,3.043356724221603
12.384288097075748,0.1,0.1,21.53060734210003
6.7972288194567305,0.1,28.306734688537958,0.1
12.189214320049672,0.1,5.778062447970063,19.272060316659022
14.927419504258797,0.1,0.1,9.734642217787108
16.681265758871078,0.1,0.1,4.492499775503418
11.783512981760326,0.1,42.685772811160184,11.706188912218344
14.097575200728109,178.64486820310825,2.355924877387344,3.6793325653019764
16.11473710951917,0.1,0.1,22.263707574531058
14.272942478863168,0.1,3.5965968616153594,16.998126780560302
16.462656893967132,0.1,0.1,11.107919916356714
11.240292848396978,0.1,0.1,0.1
12.098080043760115,2.169000646949712,0.1,22.377786697471443
11.889876668423343,0.1,28.371502508886564,0.1
13.866205489880844,0.1,1.9104134297555788,30.771581756131212
14.179725234980843,0.1,31.7349262074343,14.954306016854904
13.78128638219708,0.1,0.1,21.949675372204453
15.099865463134275,53.73862958839692,26.551060459828193,15.36985958054668
11.340363001726914,0.1,7.218626117962958,19.026538681370983
13.431024549645981,61.33431802538202,30.932461027056753,14.100358851567469
18.261625329382436,0.1,0.1,0.1
18.74075670573042,0.1,0.1,16.73851110350772
15.596939310772788,0.1,6.587696499986219,2.48654396273292
14.399911816004629,0.1,15.176538846489741,11.186953634685494
18.5820780374549,0.1,6.059326527725489,3.5431172680909224
9.60781394506271,0.1,30.6611959702226,25.58137863206523
12.604327868756405,0.2091830219038684,2.364194046706424,9.027573416549178
14.206226040894505,5.796598411738813,3.0113316244231845,21.67940933434056
11.000498507995621,54.04308653446998,10.083991762858037,17.551537734157684
10.311066909700152,124.21281374202701,12.796819208886987,20.416697375067578
19.046241840155368,0.1,3.8034504262989506,4.07143327431511
14.626680887432078,0.1,22.881190412274094,20.514857254288383
13.428607848343354,0.1,0.1,0.1
13.253218512531404,0.1,0.1,18.679974007468296
14.621057282768966,0.1,8.23621019029926,5.533749642510919
12.678969307788067,111.5151649981931,2.5173239718964595,8.287253153254447
15.383418511178672,0.1,14.461680238818005,5.817746687897339
13.654325660684552,0.1,0.1,10.043636400298508
14.379175249886238,0.1,0.1,2.610759301797721
10.951176387324804,213.43664772319826,40.60494397485485,0.2796718189299803
17.105904939798688,0.1,3.702144199273687,0.16166557041797702
10.77384338376958,0.1,18.034176221519672,2.6949050855666883
17.716138363150243,0.1,0.1,0.1
14.092382861919416,0.1,0.1,1.0723698724885828
13.891682336167747,0.1,3.310279483149042,11.642113758626714
15.203950251578657,0.1,12.128714249070097,1.36362214302385
13.133020161064305,0.1,0.1,3.989456827611784
10.442040753966408,0.1,2.2472356660652473,21.215423531515977
16.152212543800722,0.1,0.1,0.1
10.106365720643101,0.1,2.5502867182561184,16.710967514120423
16.656618596746085,0.1,24.107601980562976,3.585831267147917
17.377810299256275,0.1,0.9513807998463495,23.324885376496077
14.041518310616889,355.85306445395486,0.1,1.0704595575501976
8.06882333324613,0.1,26.50292008714043,16.49422426917183
14.914287538395303,0.1,0.2854205104002938,12.35059670343832
14.776604053066444,343.9588299632211,8.938681961751907,30.564190019755976
12.876452247567116,167.7476707031131,8.832884071317046,32.792893133873335
12.284252099972582,0.1,1.998755907635645,20.257681729065517
10.525676561111467,0.1,0.1,21.309423252216224
14.519561858334558,0.1,2.319608001171961,19.213191484938818
10.514290678859386,75.50445934489393,0.1,3.6873433487425427
12.213899066353902,0.1,0.1,26.079184536775095
13.199957824360233,200.4512103412061,12.374129705029684,11.573904857190517
14.80398223248489,0.1,16.09431673691963,16.778849878665675
13.826167141201628,0.1,6.826020606715188,22.34717640148039
14.345618242203383,0.1,5.844287504417352,23.328637103716556
21.554459791828037,0.1,0.1,24.35395962530788
11.41224107049198,0.1,0.1,11.852937624165373
15.833104689168948,0.1,0.1,7.9719514164076735
10.619062745376059,0.1,0.1,20.73362551701232
11.90491924338791,39.60158360541848,8.056257602785337,12.115037400928406
15.375744308113553,0.1,21.923929841113775,5.500135883812677
15.543736034984514,0.1,0.1,0.1
14.194817550305125,0.1,0.1,9.917594883522273
13.370324734592916,0.1,0.1,10.319175884534788
16.60713143330492,0.1,8.667745378211862,6.280579531019237
13.07419822892895,0.1,6.936329085593712,11.590014983572633
14.468459975584704,101.22026682696364,13.158932080405737,18.234877670438085
14.487057435152211,0.1,0.1,4.455365517179491
14.775845412230847,0.1,5.000955186288439,26.23272702307939
15.18158933845334,0.1,18.674877077223513,21.021047915578936
12.361322352189577,0.1,4.245040804494438,14.158780002024073
9.879825541070074,0.1,33.082984216563425,9.57579715414507
14.057506227716816,124.07439131165519,18.45279367626089,25.703961156124986
10.463856919334427,0.1,5.5687685090868095,17.03095370586842
13.339198346402917,0.1,0.1,13.74307687208499
14.057128265690915,0.1,5.63115554702082,14.000984143671555
14.149427420498357,129.65325406584455,0.7638268221211169,18.178872986575463
13.079895260022496,0.1,0.1,2.4853759652197027
14.872923657843774,0.1,0.1,2.659782643299657
10.377977979290307,208.34201618100323,32.56969639478797,20.14447007667816
14.247386574145262,0.1,3.685399602062417,19.389174604308245
8.63588873992687,0.1,17.527928611734946,17.547311608387055
7.711660240704004,0.1,0.1772280219960951,7.638235095722974
16.7640615910374,127.28157272802758,0.1,16.461725930741608
18.198644553709965,0.1,6.019897884787527,13.414571703846573
17.34801457890329,0.1,0.1,15.971494226467259
11.033803624800198,0.1,17.605821928787442,12.478699532935554
10.77881344069759,0.1,0.1,26.59110733076113
